Workbook

Sheet Wellness preferences
A1: Test ID | B1: Member name | C1: Goal used for test | D1: Activity frequency | E1: Time exercising | F1: Smoking | G1: Alcohol | H1: Where they work | I1: Sitting hours | J1: Stress level | K1: Sleep hours | L1: Diet | M1: Number of meals | N1: Meals at home | O1: Takeout | P1: Weak, fatigued or sluggish | Q1: Digestive discomforts | R1: Calorie awareness | S1: Nutrition and exercise | T1: Look and feel | U1: Goal seriousness | V1: Profile last updated
A2: ='Raw IDs'!A2 -> m1 | B2: =INDEX('ID key'!$C$2:$C$13,MATCH($A2,'ID key'!$A$2:$A$13,0))&" "&INDEX('ID key'!$D$2:$D$13,MATCH($A2,'ID key'!$A$2:$A$13,0)) -> Levent Soydaner | C2: =IFERROR(INDEX('Member goals'!$E$2:$E$26,MATCH($A2&"|1",'Member goals'!$G$2:$G$26,0)),"Not provided") -> Improve cardio performance | D2: =IF('Raw IDs'!B2="","Not answered",IFERROR(INDEX(Options!$C$2:$C$55,MATCH("freq|"&'Raw IDs'!B2,Options!$D$2:$D$55,0)),"Not set ("&'Raw IDs'!B2&")")) -> 3-4 times / week | E2: =IF('Raw IDs'!C2="","Not answered",IFERROR(INDEX(Options!$C$2:$C$55,MATCH("time|"&'Raw IDs'!C2,Options!$D$2:$D$55,0)),"Not set ("&'Raw IDs'!C2&")")) -> 1-3 years | F2: =IF('Raw IDs'!D2="","Not answered",IFERROR(INDEX(Options!$C$2:$C$55,MATCH("smoke|"&'Raw IDs'!D2,Options!$D$2:$D$55,0)),"Not set ("&'Raw IDs'!D2&")")) -> No | G2: =IF('Raw IDs'!E2="","Not answered",IFERROR(INDEX(Options!$C$2:$C$55,MATCH("alcohol|"&'Raw IDs'!E2,Options!$D$2:$D$55,0)),"Not set ("&'Raw IDs'!E2&")")) -> Occasionally | H2: =IF('Raw IDs'!F2="","Not answered",IFERROR(INDEX(Options!$C$2:$C$55,MATCH("work|"&'Raw IDs'!F2,Options!$D$2:$D$55,0)),"Not set ("&'Raw IDs'!F2&")")) -> Not set (0) | I2: =IF('Raw IDs'!G2="","Not answered",'Raw IDs'!G2) -> Not answered | J2: =IF('Raw IDs'!H2="","Not answered",IFERROR(INDEX(Options!$C$2:$C$55,MATCH("stress|"&'Raw IDs'!H2,Options!$D$2:$D$55,0)),"Not set ("&'Raw IDs'!H2&")")) -> Manageable | K2: =IF('Raw IDs'!I2="","Not answered",IFERROR(INDEX(Options!$C$2:$C$55,MATCH("sleep|"&'Raw IDs'!I2,Options!$D$2:$D$55,0)),"Not set ("&'Raw IDs'!I2&")")) -> 7 or more | L2: =IF('Raw IDs'!J2="","Not answered",IFERROR(INDEX(Options!$C$2:$C$55,MATCH("diet|"&'Raw IDs'!J2,Options!$D$2:$D$55,0)),"Not set ("&'Raw IDs'!J2&")")) -> Balanced | M2: =IF('Raw IDs'!K2="","Not answered",IF('Raw IDs'!K2=0,"Not set (0)",'Raw IDs'!K2)) -> Not set (0) | N2: =IF('Raw IDs'!L2="","Not answered",IFERROR(INDEX(Options!$C$2:$C$55,MATCH("home|"&'Raw IDs'!L2,Options!$D$2:$D$55,0)),"Not set ("&'Raw IDs'!L2&")")) -> Not answered | O2: =IF('Raw IDs'!M2="","Not answered",IFERROR(INDEX(Options!$C$2:$C$55,MATCH("takeout|"&'Raw IDs'!M2,Options!$D$2:$D$55,0)),"Not set ("&'Raw IDs'!M2&")")) -> Not answered | P2: =IF('Raw IDs'!N2="","Not answered",IFERROR(INDEX(Options!$C$2:$C$55,MATCH("yesno|"&'Raw IDs'!N2,Options!$D$2:$D$55,0)),"Not set ("&'Raw IDs'!N2&")")) -> Yes | Q2: =IF('Raw IDs'!O2="","Not answered",IFERROR(INDEX(Options!$C$2:$C$55,MATCH("yesno|"&'Raw IDs'!O2,Options!$D$2:$D$55,0)),"Not set ("&'Raw IDs'!O2&")")) -> Yes | R2: =IF('Raw IDs'!P2="","Not answered",IFERROR(INDEX(Options!$C$2:$C$55,MATCH("yesno|"&'Raw IDs'!P2,Options!$D$2:$D$55,0)),"Not set ("&'Raw IDs'!P2&")")) -> Yes | S2: =IF('Raw IDs'!Q2="","Not answered",IFERROR(INDEX(Options!$C$2:$C$55,MATCH("yesno|"&'Raw IDs'!Q2,Options!$D$2:$D$55,0)),"Not set ("&'Raw IDs'!Q2&")")) -> Yes | T2: =IF('Raw IDs'!R2="","Not answered",IFERROR(INDEX(Options!$C$2:$C$55,MATCH("yesno|"&'Raw IDs'!R2,Options!$D$2:$D$55,0)),"Not set ("&'Raw IDs'!R2&")")) -> Yes | U2: =IF('Raw IDs'!S2="","Not answered",IFERROR(INDEX(Options!$C$2:$C$55,MATCH("seriousness|"&'Raw IDs'!S2,Options!$D$2:$D$55,0)),"Not set ("&'Raw IDs'!S2&")")) -> 5 | V2: ='Raw IDs'!T2 -> 2025-07-18
A3: ='Raw IDs'!A3 -> m2 | B3: =INDEX('ID key'!$C$2:$C$13,MATCH($A3,'ID key'!$A$2:$A$13,0))&" "&INDEX('ID key'!$D$2:$D$13,MATCH($A3,'ID key'!$A$2:$A$13,0)) -> Veronika Masarskaya | C3: =IFERROR(INDEX('Member goals'!$E$2:$E$26,MATCH($A3&"|1",'Member goals'!$G$2:$G$26,0)),"Not provided") -> Weight loss | D3: =IF('Raw IDs'!B3="","Not answered",IFERROR(INDEX(Options!$C$2:$C$55,MATCH("freq|"&'Raw IDs'!B3,Options!$D$2:$D$55,0)),"Not set ("&'Raw IDs'!B3&")")) -> 1-2 times / week | E3: =IF('Raw IDs'!C3="","Not answered",IFERROR(INDEX(Options!$C$2:$C$55,MATCH("time|"&'Raw IDs'!C3,Options!$D$2:$D$55,0)),"Not set ("&'Raw IDs'!C3&")")) -> 3+ years | F3: =IF('Raw IDs'!D3="","Not answered",IFERROR(INDEX(Options!$C$2:$C$55,MATCH("smoke|"&'Raw IDs'!D3,Options!$D$2:$D$55,0)),"Not set ("&'Raw IDs'!D3&")")) -> No | G3: =IF('Raw IDs'!E3="","Not answered",IFERROR(INDEX(Options!$C$2:$C$55,MATCH("alcohol|"&'Raw IDs'!E3,Options!$D$2:$D$55,0)),"Not set ("&'Raw IDs'!E3&")")) -> Never | H3: =IF('Raw IDs'!F3="","Not answered",IFERROR(INDEX(Options!$C$2:$C$55,MATCH("work|"&'Raw IDs'!F3,Options!$D$2:$D$55,0)),"Not set ("&'Raw IDs'!F3&")")) -> Not set (0) | I3: =IF('Raw IDs'!G3="","Not answered",'Raw IDs'!G3) -> Not answered | J3: =IF('Raw IDs'!H3="","Not answered",IFERROR(INDEX(Options!$C$2:$C$55,MATCH("stress|"&'Raw IDs'!H3,Options!$D$2:$D$55,0)),"Not set ("&'Raw IDs'!H3&")")) -> Manageable | K3: =IF('Raw IDs'!I3="","Not answered",IFERROR(INDEX(Options!$C$2:$C$55,MATCH("sleep|"&'Raw IDs'!I3,Options!$D$2:$D$55,0)),"Not set ("&'Raw IDs'!I3&")")) -> 7 or more | L3: =IF('Raw IDs'!J3="","Not answered",IFERROR(INDEX(Options!$C$2:$C$55,MATCH("diet|"&'Raw IDs'!J3,Options!$D$2:$D$55,0)),"Not set ("&'Raw IDs'!J3&")")) -> Balanced | M3: =IF('Raw IDs'!K3="","Not answered",IF('Raw IDs'!K3=0,"Not set (0)",'Raw IDs'!K3)) -> Not set (0) | N3: =IF('Raw IDs'!L3="","Not answered",IFERROR(INDEX(Options!$C$2:$C$55,MATCH("home|"&'Raw IDs'!L3,Options!$D$2:$D$55,0)),"Not set ("&'Raw IDs'!L3&")")) -> Not answered | O3: =IF('Raw IDs'!M3="","Not answered",IFERROR(INDEX(Options!$C$2:$C$55,MATCH("takeout|"&'Raw IDs'!M3,Options!$D$2:$D$55,0)),"Not set ("&'Raw IDs'!M3&")")) -> Not answered | P3: =IF('Raw IDs'!N3="","Not answered",IFERROR(INDEX(Options!$C$2:$C$55,MATCH("yesno|"&'Raw IDs'!N3,Options!$D$2:$D$55,0)),"Not set ("&'Raw IDs'!N3&")")) -> No | Q3: =IF('Raw IDs'!O3="","Not answered",IFERROR(INDEX(Options!$C$2:$C$55,MATCH("yesno|"&'Raw IDs'!O3,Options!$D$2:$D$55,0)),"Not set ("&'Raw IDs'!O3&")")) -> No | R3: =IF('Raw IDs'!P3="","Not answered",IFERROR(INDEX(Options!$C$2:$C$55,MATCH("yesno|"&'Raw IDs'!P3,Options!$D$2:$D$55,0)),"Not set ("&'Raw IDs'!P3&")")) -> Yes | S3: =IF('Raw IDs'!Q3="","Not answered",IFERROR(INDEX(Options!$C$2:$C$55,MATCH("yesno|"&'Raw IDs'!Q3,Options!$D$2:$D$55,0)),"Not set ("&'Raw IDs'!Q3&")")) -> Yes | T3: =IF('Raw IDs'!R3="","Not answered",IFERROR(INDEX(Options!$C$2:$C$55,MATCH("yesno|"&'Raw IDs'!R3,Options!$D$2:$D$55,0)),"Not set ("&'Raw IDs'!R3&")")) -> Yes | U3: =IF('Raw IDs'!S3="","Not answered",IFERROR(INDEX(Options!$C$2:$C$55,MATCH("seriousness|"&'Raw IDs'!S3,Options!$D$2:$D$55,0)),"Not set ("&'Raw IDs'!S3&")")) -> Motivated | V3: ='Raw IDs'!T3 -> 2025-07-20
A4: ='Raw IDs'!A4 -> m3 | B4: =INDEX('ID key'!$C$2:$C$13,MATCH($A4,'ID key'!$A$2:$A$13,0))&" "&INDEX('ID key'!$D$2:$D$13,MATCH($A4,'ID key'!$A$2:$A$13,0)) -> Elen Kost | C4: =IFERROR(INDEX('Member goals'!$E$2:$E$26,MATCH($A4&"|1",'Member goals'!$G$2:$G$26,0)),"Not provided") -> Muscle tone | D4: =IF('Raw IDs'!B4="","Not answered",IFERROR(INDEX(Options!$C$2:$C$55,MATCH("freq|"&'Raw IDs'!B4,Options!$D$2:$D$55,0)),"Not set ("&'Raw IDs'!B4&")")) -> 3-4 times / week | E4: =IF('Raw IDs'!C4="","Not answered",IFERROR(INDEX(Options!$C$2:$C$55,MATCH("time|"&'Raw IDs'!C4,Options!$D$2:$D$55,0)),"Not set ("&'Raw IDs'!C4&")")) -> 3+ years | F4: =IF('Raw IDs'!D4="","Not answered",IFERROR(INDEX(Options!$C$2:$C$55,MATCH("smoke|"&'Raw IDs'!D4,Options!$D$2:$D$55,0)),"Not set ("&'Raw IDs'!D4&")")) -> No | G4: =IF('Raw IDs'!E4="","Not answered",IFERROR(INDEX(Options!$C$2:$C$55,MATCH("alcohol|"&'Raw IDs'!E4,Options!$D$2:$D$55,0)),"Not set ("&'Raw IDs'!E4&")")) -> Never | H4: =IF('Raw IDs'!F4="","Not answered",IFERROR(INDEX(Options!$C$2:$C$55,MATCH("work|"&'Raw IDs'!F4,Options!$D$2:$D$55,0)),"Not set ("&'Raw IDs'!F4&")")) -> Not set (0) | I4: =IF('Raw IDs'!G4="","Not answered",'Raw IDs'!G4) -> Not answered | J4: =IF('Raw IDs'!H4="","Not answered",IFERROR(INDEX(Options!$C$2:$C$55,MATCH("stress|"&'Raw IDs'!H4,Options!$D$2:$D$55,0)),"Not set ("&'Raw IDs'!H4&")")) -> Manageable | K4: =IF('Raw IDs'!I4="","Not answered",IFERROR(INDEX(Options!$C$2:$C$55,MATCH("sleep|"&'Raw IDs'!I4,Options!$D$2:$D$55,0)),"Not set ("&'Raw IDs'!I4&")")) -> 6 or less | L4: =IF('Raw IDs'!J4="","Not answered",IFERROR(INDEX(Options!$C$2:$C$55,MATCH("diet|"&'Raw IDs'!J4,Options!$D$2:$D$55,0)),"Not set ("&'Raw IDs'!J4&")")) -> Unhealthy | M4: =IF('Raw IDs'!K4="","Not answered",IF('Raw IDs'!K4=0,"Not set (0)",'Raw IDs'!K4)) -> 1 | N4: =IF('Raw IDs'!L4="","Not answered",IFERROR(INDEX(Options!$C$2:$C$55,MATCH("home|"&'Raw IDs'!L4,Options!$D$2:$D$55,0)),"Not set ("&'Raw IDs'!L4&")")) -> Not answered | O4: =IF('Raw IDs'!M4="","Not answered",IFERROR(INDEX(Options!$C$2:$C$55,MATCH("takeout|"&'Raw IDs'!M4,Options!$D$2:$D$55,0)),"Not set ("&'Raw IDs'!M4&")")) -> Not answered | P4: =IF('Raw IDs'!N4="","Not answered",IFERROR(INDEX(Options!$C$2:$C$55,MATCH("yesno|"&'Raw IDs'!N4,Options!$D$2:$D$55,0)),"Not set ("&'Raw IDs'!N4&")")) -> Yes | Q4: =IF('Raw IDs'!O4="","Not answered",IFERROR(INDEX(Options!$C$2:$C$55,MATCH("yesno|"&'Raw IDs'!O4,Options!$D$2:$D$55,0)),"Not set ("&'Raw IDs'!O4&")")) -> No | R4: =IF('Raw IDs'!P4="","Not answered",IFERROR(INDEX(Options!$C$2:$C$55,MATCH("yesno|"&'Raw IDs'!P4,Options!$D$2:$D$55,0)),"Not set ("&'Raw IDs'!P4&")")) -> No | S4: =IF('Raw IDs'!Q4="","Not answered",IFERROR(INDEX(Options!$C$2:$C$55,MATCH("yesno|"&'Raw IDs'!Q4,Options!$D$2:$D$55,0)),"Not set ("&'Raw IDs'!Q4&")")) -> Yes | T4: =IF('Raw IDs'!R4="","Not answered",IFERROR(INDEX(Options!$C$2:$C$55,MATCH("yesno|"&'Raw IDs'!R4,Options!$D$2:$D$55,0)),"Not set ("&'Raw IDs'!R4&")")) -> Yes | U4: =IF('Raw IDs'!S4="","Not answered",IFERROR(INDEX(Options!$C$2:$C$55,MATCH("seriousness|"&'Raw IDs'!S4,Options!$D$2:$D$55,0)),"Not set ("&'Raw IDs'!S4&")")) -> 4 | V4: ='Raw IDs'!T4 -> 2025-07-24
A5: ='Raw IDs'!A5 -> m4 | B5: =INDEX('ID key'!$C$2:$C$13,MATCH($A5,'ID key'!$A$2:$A$13,0))&" "&INDEX('ID key'!$D$2:$D$13,MATCH($A5,'ID key'!$A$2:$A$13,0)) -> Emma Arlemark | C5: =IFERROR(INDEX('Member goals'!$E$2:$E$26,MATCH($A5&"|1",'Member goals'!$G$2:$G$26,0)),"Not provided") -> Weight loss | D5: =IF('Raw IDs'!B5="","Not answered",IFERROR(INDEX(Options!$C$2:$C$55,MATCH("freq|"&'Raw IDs'!B5,Options!$D$2:$D$55,0)),"Not set ("&'Raw IDs'!B5&")")) -> 1-2 times / week | E5: =IF('Raw IDs'!C5="","Not answered",IFERROR(INDEX(Options!$C$2:$C$55,MATCH("time|"&'Raw IDs'!C5,Options!$D$2:$D$55,0)),"Not set ("&'Raw IDs'!C5&")")) -> Less than a year | F5: =IF('Raw IDs'!D5="","Not answered",IFERROR(INDEX(Options!$C$2:$C$55,MATCH("smoke|"&'Raw IDs'!D5,Options!$D$2:$D$55,0)),"Not set ("&'Raw IDs'!D5&")")) -> Yes | G5: =IF('Raw IDs'!E5="","Not answered",IFERROR(INDEX(Options!$C$2:$C$55,MATCH("alcohol|"&'Raw IDs'!E5,Options!$D$2:$D$55,0)),"Not set ("&'Raw IDs'!E5&")")) -> Occasionally | H5: =IF('Raw IDs'!F5="","Not answered",IFERROR(INDEX(Options!$C$2:$C$55,MATCH("work|"&'Raw IDs'!F5,Options!$D$2:$D$55,0)),"Not set ("&'Raw IDs'!F5&")")) -> Not set (0) | I5: =IF('Raw IDs'!G5="","Not answered",'Raw IDs'!G5) -> Not answered | J5: =IF('Raw IDs'!H5="","Not answered",IFERROR(INDEX(Options!$C$2:$C$55,MATCH("stress|"&'Raw IDs'!H5,Options!$D$2:$D$55,0)),"Not set ("&'Raw IDs'!H5&")")) -> Manageable | K5: =IF('Raw IDs'!I5="","Not answered",IFERROR(INDEX(Options!$C$2:$C$55,MATCH("sleep|"&'Raw IDs'!I5,Options!$D$2:$D$55,0)),"Not set ("&'Raw IDs'!I5&")")) -> 6 or less | L5: =IF('Raw IDs'!J5="","Not answered",IFERROR(INDEX(Options!$C$2:$C$55,MATCH("diet|"&'Raw IDs'!J5,Options!$D$2:$D$55,0)),"Not set ("&'Raw IDs'!J5&")")) -> Balanced | M5: =IF('Raw IDs'!K5="","Not answered",IF('Raw IDs'!K5=0,"Not set (0)",'Raw IDs'!K5)) -> 2 | N5: =IF('Raw IDs'!L5="","Not answered",IFERROR(INDEX(Options!$C$2:$C$55,MATCH("home|"&'Raw IDs'!L5,Options!$D$2:$D$55,0)),"Not set ("&'Raw IDs'!L5&")")) -> Not answered | O5: =IF('Raw IDs'!M5="","Not answered",IFERROR(INDEX(Options!$C$2:$C$55,MATCH("takeout|"&'Raw IDs'!M5,Options!$D$2:$D$55,0)),"Not set ("&'Raw IDs'!M5&")")) -> Not answered | P5: =IF('Raw IDs'!N5="","Not answered",IFERROR(INDEX(Options!$C$2:$C$55,MATCH("yesno|"&'Raw IDs'!N5,Options!$D$2:$D$55,0)),"Not set ("&'Raw IDs'!N5&")")) -> Yes | Q5: =IF('Raw IDs'!O5="","Not answered",IFERROR(INDEX(Options!$C$2:$C$55,MATCH("yesno|"&'Raw IDs'!O5,Options!$D$2:$D$55,0)),"Not set ("&'Raw IDs'!O5&")")) -> No | R5: =IF('Raw IDs'!P5="","Not answered",IFERROR(INDEX(Options!$C$2:$C$55,MATCH("yesno|"&'Raw IDs'!P5,Options!$D$2:$D$55,0)),"Not set ("&'Raw IDs'!P5&")")) -> No | S5: =IF('Raw IDs'!Q5="","Not answered",IFERROR(INDEX(Options!$C$2:$C$55,MATCH("yesno|"&'Raw IDs'!Q5,Options!$D$2:$D$55,0)),"Not set ("&'Raw IDs'!Q5&")")) -> No | T5: =IF('Raw IDs'!R5="","Not answered",IFERROR(INDEX(Options!$C$2:$C$55,MATCH("yesno|"&'Raw IDs'!R5,Options!$D$2:$D$55,0)),"Not set ("&'Raw IDs'!R5&")")) -> No | U5: =IF('Raw IDs'!S5="","Not answered",IFERROR(INDEX(Options!$C$2:$C$55,MATCH("seriousness|"&'Raw IDs'!S5,Options!$D$2:$D$55,0)),"Not set ("&'Raw IDs'!S5&")")) -> 4 | V5: ='Raw IDs'!T5 -> 2025-07-27
A6: ='Raw IDs'!A6 -> m5 | B6: =INDEX('ID key'!$C$2:$C$13,MATCH($A6,'ID key'!$A$2:$A$13,0))&" "&INDEX('ID key'!$D$2:$D$13,MATCH($A6,'ID key'!$A$2:$A$13,0)) -> Ria Juma | C6: =IFERROR(INDEX('Member goals'!$E$2:$E$26,MATCH($A6&"|1",'Member goals'!$G$2:$G$26,0)),"Not provided") -> Build strength | D6: =IF('Raw IDs'!B6="","Not answered",IFERROR(INDEX(Options!$C$2:$C$55,MATCH("freq|"&'Raw IDs'!B6,Options!$D$2:$D$55,0)),"Not set ("&'Raw IDs'!B6&")")) -> 3-4 times / week | E6: =IF('Raw IDs'!C6="","Not answered",IFERROR(INDEX(Options!$C$2:$C$55,MATCH("time|"&'Raw IDs'!C6,Options!$D$2:$D$55,0)),"Not set ("&'Raw IDs'!C6&")")) -> 3+ years | F6: =IF('Raw IDs'!D6="","Not answered",IFERROR(INDEX(Options!$C$2:$C$55,MATCH("smoke|"&'Raw IDs'!D6,Options!$D$2:$D$55,0)),"Not set ("&'Raw IDs'!D6&")")) -> No | G6: =IF('Raw IDs'!E6="","Not answered",IFERROR(INDEX(Options!$C$2:$C$55,MATCH("alcohol|"&'Raw IDs'!E6,Options!$D$2:$D$55,0)),"Not set ("&'Raw IDs'!E6&")")) -> Occasionally | H6: =IF('Raw IDs'!F6="","Not answered",IFERROR(INDEX(Options!$C$2:$C$55,MATCH("work|"&'Raw IDs'!F6,Options!$D$2:$D$55,0)),"Not set ("&'Raw IDs'!F6&")")) -> Not set (0) | I6: =IF('Raw IDs'!G6="","Not answered",'Raw IDs'!G6) -> Not answered | J6: =IF('Raw IDs'!H6="","Not answered",IFERROR(INDEX(Options!$C$2:$C$55,MATCH("stress|"&'Raw IDs'!H6,Options!$D$2:$D$55,0)),"Not set ("&'Raw IDs'!H6&")")) -> Manageable | K6: =IF('Raw IDs'!I6="","Not answered",IFERROR(INDEX(Options!$C$2:$C$55,MATCH("sleep|"&'Raw IDs'!I6,Options!$D$2:$D$55,0)),"Not set ("&'Raw IDs'!I6&")")) -> 7 or more | L6: =IF('Raw IDs'!J6="","Not answered",IFERROR(INDEX(Options!$C$2:$C$55,MATCH("diet|"&'Raw IDs'!J6,Options!$D$2:$D$55,0)),"Not set ("&'Raw IDs'!J6&")")) -> Balanced | M6: =IF('Raw IDs'!K6="","Not answered",IF('Raw IDs'!K6=0,"Not set (0)",'Raw IDs'!K6)) -> 3 | N6: =IF('Raw IDs'!L6="","Not answered",IFERROR(INDEX(Options!$C$2:$C$55,MATCH("home|"&'Raw IDs'!L6,Options!$D$2:$D$55,0)),"Not set ("&'Raw IDs'!L6&")")) -> Not answered | O6: =IF('Raw IDs'!M6="","Not answered",IFERROR(INDEX(Options!$C$2:$C$55,MATCH("takeout|"&'Raw IDs'!M6,Options!$D$2:$D$55,0)),"Not set ("&'Raw IDs'!M6&")")) -> Not answered | P6: =IF('Raw IDs'!N6="","Not answered",IFERROR(INDEX(Options!$C$2:$C$55,MATCH("yesno|"&'Raw IDs'!N6,Options!$D$2:$D$55,0)),"Not set ("&'Raw IDs'!N6&")")) -> Yes | Q6: =IF('Raw IDs'!O6="","Not answered",IFERROR(INDEX(Options!$C$2:$C$55,MATCH("yesno|"&'Raw IDs'!O6,Options!$D$2:$D$55,0)),"Not set ("&'Raw IDs'!O6&")")) -> Yes | R6: =IF('Raw IDs'!P6="","Not answered",IFERROR(INDEX(Options!$C$2:$C$55,MATCH("yesno|"&'Raw IDs'!P6,Options!$D$2:$D$55,0)),"Not set ("&'Raw IDs'!P6&")")) -> No | S6: =IF('Raw IDs'!Q6="","Not answered",IFERROR(INDEX(Options!$C$2:$C$55,MATCH("yesno|"&'Raw IDs'!Q6,Options!$D$2:$D$55,0)),"Not set ("&'Raw IDs'!Q6&")")) -> Yes | T6: =IF('Raw IDs'!R6="","Not answered",IFERROR(INDEX(Options!$C$2:$C$55,MATCH("yesno|"&'Raw IDs'!R6,Options!$D$2:$D$55,0)),"Not set ("&'Raw IDs'!R6&")")) -> Yes | U6: =IF('Raw IDs'!S6="","Not answered",IFERROR(INDEX(Options!$C$2:$C$55,MATCH("seriousness|"&'Raw IDs'!S6,Options!$D$2:$D$55,0)),"Not set ("&'Raw IDs'!S6&")")) -> Motivated | V6: ='Raw IDs'!T6 -> 2025-07-27
A7: ='Raw IDs'!A7 -> m6 | B7: =INDEX('ID key'!$C$2:$C$13,MATCH($A7,'ID key'!$A$2:$A$13,0))&" "&INDEX('ID key'!$D$2:$D$13,MATCH($A7,'ID key'!$A$2:$A$13,0)) -> Maria Costanzo | C7: =IFERROR(INDEX('Member goals'!$E$2:$E$26,MATCH($A7&"|1",'Member goals'!$G$2:$G$26,0)),"Not provided") -> Muscle tone | D7: =IF('Raw IDs'!B7="","Not answered",IFERROR(INDEX(Options!$C$2:$C$55,MATCH("freq|"&'Raw IDs'!B7,Options!$D$2:$D$55,0)),"Not set ("&'Raw IDs'!B7&")")) -> 3-4 times / week | E7: =IF('Raw IDs'!C7="","Not answered",IFERROR(INDEX(Options!$C$2:$C$55,MATCH("time|"&'Raw IDs'!C7,Options!$D$2:$D$55,0)),"Not set ("&'Raw IDs'!C7&")")) -> 1-3 years | F7: =IF('Raw IDs'!D7="","Not answered",IFERROR(INDEX(Options!$C$2:$C$55,MATCH("smoke|"&'Raw IDs'!D7,Options!$D$2:$D$55,0)),"Not set ("&'Raw IDs'!D7&")")) -> Social / Occasional | G7: =IF('Raw IDs'!E7="","Not answered",IFERROR(INDEX(Options!$C$2:$C$55,MATCH("alcohol|"&'Raw IDs'!E7,Options!$D$2:$D$55,0)),"Not set ("&'Raw IDs'!E7&")")) -> Occasionally | H7: =IF('Raw IDs'!F7="","Not answered",IFERROR(INDEX(Options!$C$2:$C$55,MATCH("work|"&'Raw IDs'!F7,Options!$D$2:$D$55,0)),"Not set ("&'Raw IDs'!F7&")")) -> Not set (0) | I7: =IF('Raw IDs'!G7="","Not answered",'Raw IDs'!G7) -> Not answered | J7: =IF('Raw IDs'!H7="","Not answered",IFERROR(INDEX(Options!$C$2:$C$55,MATCH("stress|"&'Raw IDs'!H7,Options!$D$2:$D$55,0)),"Not set ("&'Raw IDs'!H7&")")) -> High | K7: =IF('Raw IDs'!I7="","Not answered",IFERROR(INDEX(Options!$C$2:$C$55,MATCH("sleep|"&'Raw IDs'!I7,Options!$D$2:$D$55,0)),"Not set ("&'Raw IDs'!I7&")")) -> 6 or less | L7: =IF('Raw IDs'!J7="","Not answered",IFERROR(INDEX(Options!$C$2:$C$55,MATCH("diet|"&'Raw IDs'!J7,Options!$D$2:$D$55,0)),"Not set ("&'Raw IDs'!J7&")")) -> Healthy | M7: =IF('Raw IDs'!K7="","Not answered",IF('Raw IDs'!K7=0,"Not set (0)",'Raw IDs'!K7)) -> Not set (0) | N7: =IF('Raw IDs'!L7="","Not answered",IFERROR(INDEX(Options!$C$2:$C$55,MATCH("home|"&'Raw IDs'!L7,Options!$D$2:$D$55,0)),"Not set ("&'Raw IDs'!L7&")")) -> Not answered | O7: =IF('Raw IDs'!M7="","Not answered",IFERROR(INDEX(Options!$C$2:$C$55,MATCH("takeout|"&'Raw IDs'!M7,Options!$D$2:$D$55,0)),"Not set ("&'Raw IDs'!M7&")")) -> Not answered | P7: =IF('Raw IDs'!N7="","Not answered",IFERROR(INDEX(Options!$C$2:$C$55,MATCH("yesno|"&'Raw IDs'!N7,Options!$D$2:$D$55,0)),"Not set ("&'Raw IDs'!N7&")")) -> No | Q7: =IF('Raw IDs'!O7="","Not answered",IFERROR(INDEX(Options!$C$2:$C$55,MATCH("yesno|"&'Raw IDs'!O7,Options!$D$2:$D$55,0)),"Not set ("&'Raw IDs'!O7&")")) -> Yes | R7: =IF('Raw IDs'!P7="","Not answered",IFERROR(INDEX(Options!$C$2:$C$55,MATCH("yesno|"&'Raw IDs'!P7,Options!$D$2:$D$55,0)),"Not set ("&'Raw IDs'!P7&")")) -> Yes | S7: =IF('Raw IDs'!Q7="","Not answered",IFERROR(INDEX(Options!$C$2:$C$55,MATCH("yesno|"&'Raw IDs'!Q7,Options!$D$2:$D$55,0)),"Not set ("&'Raw IDs'!Q7&")")) -> Yes | T7: =IF('Raw IDs'!R7="","Not answered",IFERROR(INDEX(Options!$C$2:$C$55,MATCH("yesno|"&'Raw IDs'!R7,Options!$D$2:$D$55,0)),"Not set ("&'Raw IDs'!R7&")")) -> No | U7: =IF('Raw IDs'!S7="","Not answered",IFERROR(INDEX(Options!$C$2:$C$55,MATCH("seriousness|"&'Raw IDs'!S7,Options!$D$2:$D$55,0)),"Not set ("&'Raw IDs'!S7&")")) -> Motivated | V7: ='Raw IDs'!T7 -> 2025-07-27
A8: ='Raw IDs'!A8 -> m7 | B8: =INDEX('ID key'!$C$2:$C$13,MATCH($A8,'ID key'!$A$2:$A$13,0))&" "&INDEX('ID key'!$D$2:$D$13,MATCH($A8,'ID key'!$A$2:$A$13,0)) -> Vinay Parmar | C8: =IFERROR(INDEX('Member goals'!$E$2:$E$26,MATCH($A8&"|1",'Member goals'!$G$2:$G$26,0)),"Not provided") -> Weight loss | D8: =IF('Raw IDs'!B8="","Not answered",IFERROR(INDEX(Options!$C$2:$C$55,MATCH("freq|"&'Raw IDs'!B8,Options!$D$2:$D$55,0)),"Not set ("&'Raw IDs'!B8&")")) -> 5-6 times / week | E8: =IF('Raw IDs'!C8="","Not answered",IFERROR(INDEX(Options!$C$2:$C$55,MATCH("time|"&'Raw IDs'!C8,Options!$D$2:$D$55,0)),"Not set ("&'Raw IDs'!C8&")")) -> 3+ years | F8: =IF('Raw IDs'!D8="","Not answered",IFERROR(INDEX(Options!$C$2:$C$55,MATCH("smoke|"&'Raw IDs'!D8,Options!$D$2:$D$55,0)),"Not set ("&'Raw IDs'!D8&")")) -> No | G8: =IF('Raw IDs'!E8="","Not answered",IFERROR(INDEX(Options!$C$2:$C$55,MATCH("alcohol|"&'Raw IDs'!E8,Options!$D$2:$D$55,0)),"Not set ("&'Raw IDs'!E8&")")) -> Occasionally | H8: =IF('Raw IDs'!F8="","Not answered",IFERROR(INDEX(Options!$C$2:$C$55,MATCH("work|"&'Raw IDs'!F8,Options!$D$2:$D$55,0)),"Not set ("&'Raw IDs'!F8&")")) -> Not set (0) | I8: =IF('Raw IDs'!G8="","Not answered",'Raw IDs'!G8) -> Not answered | J8: =IF('Raw IDs'!H8="","Not answered",IFERROR(INDEX(Options!$C$2:$C$55,MATCH("stress|"&'Raw IDs'!H8,Options!$D$2:$D$55,0)),"Not set ("&'Raw IDs'!H8&")")) -> Manageable | K8: =IF('Raw IDs'!I8="","Not answered",IFERROR(INDEX(Options!$C$2:$C$55,MATCH("sleep|"&'Raw IDs'!I8,Options!$D$2:$D$55,0)),"Not set ("&'Raw IDs'!I8&")")) -> 7 or more | L8: =IF('Raw IDs'!J8="","Not answered",IFERROR(INDEX(Options!$C$2:$C$55,MATCH("diet|"&'Raw IDs'!J8,Options!$D$2:$D$55,0)),"Not set ("&'Raw IDs'!J8&")")) -> Balanced | M8: =IF('Raw IDs'!K8="","Not answered",IF('Raw IDs'!K8=0,"Not set (0)",'Raw IDs'!K8)) -> Not set (0) | N8: =IF('Raw IDs'!L8="","Not answered",IFERROR(INDEX(Options!$C$2:$C$55,MATCH("home|"&'Raw IDs'!L8,Options!$D$2:$D$55,0)),"Not set ("&'Raw IDs'!L8&")")) -> Not answered | O8: =IF('Raw IDs'!M8="","Not answered",IFERROR(INDEX(Options!$C$2:$C$55,MATCH("takeout|"&'Raw IDs'!M8,Options!$D$2:$D$55,0)),"Not set ("&'Raw IDs'!M8&")")) -> Not answered | P8: =IF('Raw IDs'!N8="","Not answered",IFERROR(INDEX(Options!$C$2:$C$55,MATCH("yesno|"&'Raw IDs'!N8,Options!$D$2:$D$55,0)),"Not set ("&'Raw IDs'!N8&")")) -> No | Q8: =IF('Raw IDs'!O8="","Not answered",IFERROR(INDEX(Options!$C$2:$C$55,MATCH("yesno|"&'Raw IDs'!O8,Options!$D$2:$D$55,0)),"Not set ("&'Raw IDs'!O8&")")) -> No | R8: =IF('Raw IDs'!P8="","Not answered",IFERROR(INDEX(Options!$C$2:$C$55,MATCH("yesno|"&'Raw IDs'!P8,Options!$D$2:$D$55,0)),"Not set ("&'Raw IDs'!P8&")")) -> No | S8: =IF('Raw IDs'!Q8="","Not answered",IFERROR(INDEX(Options!$C$2:$C$55,MATCH("yesno|"&'Raw IDs'!Q8,Options!$D$2:$D$55,0)),"Not set ("&'Raw IDs'!Q8&")")) -> Yes | T8: =IF('Raw IDs'!R8="","Not answered",IFERROR(INDEX(Options!$C$2:$C$55,MATCH("yesno|"&'Raw IDs'!R8,Options!$D$2:$D$55,0)),"Not set ("&'Raw IDs'!R8&")")) -> No | U8: =IF('Raw IDs'!S8="","Not answered",IFERROR(INDEX(Options!$C$2:$C$55,MATCH("seriousness|"&'Raw IDs'!S8,Options!$D$2:$D$55,0)),"Not set ("&'Raw IDs'!S8&")")) -> Motivated | V8: ='Raw IDs'!T8 -> 2025-07-28
A9: ='Raw IDs'!A9 -> m8 | B9: =INDEX('ID key'!$C$2:$C$13,MATCH($A9,'ID key'!$A$2:$A$13,0))&" "&INDEX('ID key'!$D$2:$D$13,MATCH($A9,'ID key'!$A$2:$A$13,0)) -> Ruksana Hussain | C9: =IFERROR(INDEX('Member goals'!$E$2:$E$26,MATCH($A9&"|1",'Member goals'!$G$2:$G$26,0)),"Not provided") -> Weight loss | D9: =IF('Raw IDs'!B9="","Not answered",IFERROR(INDEX(Options!$C$2:$C$55,MATCH("freq|"&'Raw IDs'!B9,Options!$D$2:$D$55,0)),"Not set ("&'Raw IDs'!B9&")")) -> 5-6 times / week | E9: =IF('Raw IDs'!C9="","Not answered",IFERROR(INDEX(Options!$C$2:$C$55,MATCH("time|"&'Raw IDs'!C9,Options!$D$2:$D$55,0)),"Not set ("&'Raw IDs'!C9&")")) -> 3+ years | F9: =IF('Raw IDs'!D9="","Not answered",IFERROR(INDEX(Options!$C$2:$C$55,MATCH("smoke|"&'Raw IDs'!D9,Options!$D$2:$D$55,0)),"Not set ("&'Raw IDs'!D9&")")) -> No | G9: =IF('Raw IDs'!E9="","Not answered",IFERROR(INDEX(Options!$C$2:$C$55,MATCH("alcohol|"&'Raw IDs'!E9,Options!$D$2:$D$55,0)),"Not set ("&'Raw IDs'!E9&")")) -> Never | H9: =IF('Raw IDs'!F9="","Not answered",IFERROR(INDEX(Options!$C$2:$C$55,MATCH("work|"&'Raw IDs'!F9,Options!$D$2:$D$55,0)),"Not set ("&'Raw IDs'!F9&")")) -> Not set (0) | I9: =IF('Raw IDs'!G9="","Not answered",'Raw IDs'!G9) -> Not answered | J9: =IF('Raw IDs'!H9="","Not answered",IFERROR(INDEX(Options!$C$2:$C$55,MATCH("stress|"&'Raw IDs'!H9,Options!$D$2:$D$55,0)),"Not set ("&'Raw IDs'!H9&")")) -> Manageable | K9: =IF('Raw IDs'!I9="","Not answered",IFERROR(INDEX(Options!$C$2:$C$55,MATCH("sleep|"&'Raw IDs'!I9,Options!$D$2:$D$55,0)),"Not set ("&'Raw IDs'!I9&")")) -> 6 or less | L9: =IF('Raw IDs'!J9="","Not answered",IFERROR(INDEX(Options!$C$2:$C$55,MATCH("diet|"&'Raw IDs'!J9,Options!$D$2:$D$55,0)),"Not set ("&'Raw IDs'!J9&")")) -> Balanced | M9: =IF('Raw IDs'!K9="","Not answered",IF('Raw IDs'!K9=0,"Not set (0)",'Raw IDs'!K9)) -> 2 | N9: =IF('Raw IDs'!L9="","Not answered",IFERROR(INDEX(Options!$C$2:$C$55,MATCH("home|"&'Raw IDs'!L9,Options!$D$2:$D$55,0)),"Not set ("&'Raw IDs'!L9&")")) -> Not answered | O9: =IF('Raw IDs'!M9="","Not answered",IFERROR(INDEX(Options!$C$2:$C$55,MATCH("takeout|"&'Raw IDs'!M9,Options!$D$2:$D$55,0)),"Not set ("&'Raw IDs'!M9&")")) -> Not answered | P9: =IF('Raw IDs'!N9="","Not answered",IFERROR(INDEX(Options!$C$2:$C$55,MATCH("yesno|"&'Raw IDs'!N9,Options!$D$2:$D$55,0)),"Not set ("&'Raw IDs'!N9&")")) -> Yes | Q9: =IF('Raw IDs'!O9="","Not answered",IFERROR(INDEX(Options!$C$2:$C$55,MATCH("yesno|"&'Raw IDs'!O9,Options!$D$2:$D$55,0)),"Not set ("&'Raw IDs'!O9&")")) -> Yes | R9: =IF('Raw IDs'!P9="","Not answered",IFERROR(INDEX(Options!$C$2:$C$55,MATCH("yesno|"&'Raw IDs'!P9,Options!$D$2:$D$55,0)),"Not set ("&'Raw IDs'!P9&")")) -> No | S9: =IF('Raw IDs'!Q9="","Not answered",IFERROR(INDEX(Options!$C$2:$C$55,MATCH("yesno|"&'Raw IDs'!Q9,Options!$D$2:$D$55,0)),"Not set ("&'Raw IDs'!Q9&")")) -> No | T9: =IF('Raw IDs'!R9="","Not answered",IFERROR(INDEX(Options!$C$2:$C$55,MATCH("yesno|"&'Raw IDs'!R9,Options!$D$2:$D$55,0)),"Not set ("&'Raw IDs'!R9&")")) -> Yes | U9: =IF('Raw IDs'!S9="","Not answered",IFERROR(INDEX(Options!$C$2:$C$55,MATCH("seriousness|"&'Raw IDs'!S9,Options!$D$2:$D$55,0)),"Not set ("&'Raw IDs'!S9&")")) -> Motivated | V9: ='Raw IDs'!T9 -> 2025-07-29
A10: ='Raw IDs'!A10 -> m9 | B10: =INDEX('ID key'!$C$2:$C$13,MATCH($A10,'ID key'!$A$2:$A$13,0))&" "&INDEX('ID key'!$D$2:$D$13,MATCH($A10,'ID key'!$A$2:$A$13,0)) -> Asif Khokhar | C10: =IFERROR(INDEX('Member goals'!$E$2:$E$26,MATCH($A10&"|1",'Member goals'!$G$2:$G$26,0)),"Not provided") -> Not provided | D10: =IF('Raw IDs'!B10="","Not answered",IFERROR(INDEX(Options!$C$2:$C$55,MATCH("freq|"&'Raw IDs'!B10,Options!$D$2:$D$55,0)),"Not set ("&'Raw IDs'!B10&")")) -> 1-2 times / week | E10: =IF('Raw IDs'!C10="","Not answered",IFERROR(INDEX(Options!$C$2:$C$55,MATCH("time|"&'Raw IDs'!C10,Options!$D$2:$D$55,0)),"Not set ("&'Raw IDs'!C10&")")) -> 3+ years | F10: =IF('Raw IDs'!D10="","Not answered",IFERROR(INDEX(Options!$C$2:$C$55,MATCH("smoke|"&'Raw IDs'!D10,Options!$D$2:$D$55,0)),"Not set ("&'Raw IDs'!D10&")")) -> Social / Occasional | G10: =IF('Raw IDs'!E10="","Not answered",IFERROR(INDEX(Options!$C$2:$C$55,MATCH("alcohol|"&'Raw IDs'!E10,Options!$D$2:$D$55,0)),"Not set ("&'Raw IDs'!E10&")")) -> Never | H10: =IF('Raw IDs'!F10="","Not answered",IFERROR(INDEX(Options!$C$2:$C$55,MATCH("work|"&'Raw IDs'!F10,Options!$D$2:$D$55,0)),"Not set ("&'Raw IDs'!F10&")")) -> Not set (0) | I10: =IF('Raw IDs'!G10="","Not answered",'Raw IDs'!G10) -> Not answered | J10: =IF('Raw IDs'!H10="","Not answered",IFERROR(INDEX(Options!$C$2:$C$55,MATCH("stress|"&'Raw IDs'!H10,Options!$D$2:$D$55,0)),"Not set ("&'Raw IDs'!H10&")")) -> Manageable | K10: =IF('Raw IDs'!I10="","Not answered",IFERROR(INDEX(Options!$C$2:$C$55,MATCH("sleep|"&'Raw IDs'!I10,Options!$D$2:$D$55,0)),"Not set ("&'Raw IDs'!I10&")")) -> 6 or less | L10: =IF('Raw IDs'!J10="","Not answered",IFERROR(INDEX(Options!$C$2:$C$55,MATCH("diet|"&'Raw IDs'!J10,Options!$D$2:$D$55,0)),"Not set ("&'Raw IDs'!J10&")")) -> Balanced | M10: =IF('Raw IDs'!K10="","Not answered",IF('Raw IDs'!K10=0,"Not set (0)",'Raw IDs'!K10)) -> 3 | N10: =IF('Raw IDs'!L10="","Not answered",IFERROR(INDEX(Options!$C$2:$C$55,MATCH("home|"&'Raw IDs'!L10,Options!$D$2:$D$55,0)),"Not set ("&'Raw IDs'!L10&")")) -> Not answered | O10: =IF('Raw IDs'!M10="","Not answered",IFERROR(INDEX(Options!$C$2:$C$55,MATCH("takeout|"&'Raw IDs'!M10,Options!$D$2:$D$55,0)),"Not set ("&'Raw IDs'!M10&")")) -> Not answered | P10: =IF('Raw IDs'!N10="","Not answered",IFERROR(INDEX(Options!$C$2:$C$55,MATCH("yesno|"&'Raw IDs'!N10,Options!$D$2:$D$55,0)),"Not set ("&'Raw IDs'!N10&")")) -> No | Q10: =IF('Raw IDs'!O10="","Not answered",IFERROR(INDEX(Options!$C$2:$C$55,MATCH("yesno|"&'Raw IDs'!O10,Options!$D$2:$D$55,0)),"Not set ("&'Raw IDs'!O10&")")) -> No | R10: =IF('Raw IDs'!P10="","Not answered",IFERROR(INDEX(Options!$C$2:$C$55,MATCH("yesno|"&'Raw IDs'!P10,Options!$D$2:$D$55,0)),"Not set ("&'Raw IDs'!P10&")")) -> No | S10: =IF('Raw IDs'!Q10="","Not answered",IFERROR(INDEX(Options!$C$2:$C$55,MATCH("yesno|"&'Raw IDs'!Q10,Options!$D$2:$D$55,0)),"Not set ("&'Raw IDs'!Q10&")")) -> Yes | T10: =IF('Raw IDs'!R10="","Not answered",IFERROR(INDEX(Options!$C$2:$C$55,MATCH("yesno|"&'Raw IDs'!R10,Options!$D$2:$D$55,0)),"Not set ("&'Raw IDs'!R10&")")) -> Yes | U10: =IF('Raw IDs'!S10="","Not answered",IFERROR(INDEX(Options!$C$2:$C$55,MATCH("seriousness|"&'Raw IDs'!S10,Options!$D$2:$D$55,0)),"Not set ("&'Raw IDs'!S10&")")) -> Motivated | V10: ='Raw IDs'!T10 -> 2025-07-30
A11: ='Raw IDs'!A11 -> m10 | B11: =INDEX('ID key'!$C$2:$C$13,MATCH($A11,'ID key'!$A$2:$A$13,0))&" "&INDEX('ID key'!$D$2:$D$13,MATCH($A11,'ID key'!$A$2:$A$13,0)) -> Sadaf Hameed | C11: =IFERROR(INDEX('Member goals'!$E$2:$E$26,MATCH($A11&"|1",'Member goals'!$G$2:$G$26,0)),"Not provided") -> Not provided | D11: =IF('Raw IDs'!B11="","Not answered",IFERROR(INDEX(Options!$C$2:$C$55,MATCH("freq|"&'Raw IDs'!B11,Options!$D$2:$D$55,0)),"Not set ("&'Raw IDs'!B11&")")) -> 1-2 times / week | E11: =IF('Raw IDs'!C11="","Not answered",IFERROR(INDEX(Options!$C$2:$C$55,MATCH("time|"&'Raw IDs'!C11,Options!$D$2:$D$55,0)),"Not set ("&'Raw IDs'!C11&")")) -> Less than a year | F11: =IF('Raw IDs'!D11="","Not answered",IFERROR(INDEX(Options!$C$2:$C$55,MATCH("smoke|"&'Raw IDs'!D11,Options!$D$2:$D$55,0)),"Not set ("&'Raw IDs'!D11&")")) -> No | G11: =IF('Raw IDs'!E11="","Not answered",IFERROR(INDEX(Options!$C$2:$C$55,MATCH("alcohol|"&'Raw IDs'!E11,Options!$D$2:$D$55,0)),"Not set ("&'Raw IDs'!E11&")")) -> Never | H11: =IF('Raw IDs'!F11="","Not answered",IFERROR(INDEX(Options!$C$2:$C$55,MATCH("work|"&'Raw IDs'!F11,Options!$D$2:$D$55,0)),"Not set ("&'Raw IDs'!F11&")")) -> Not set (0) | I11: =IF('Raw IDs'!G11="","Not answered",'Raw IDs'!G11) -> Not answered | J11: =IF('Raw IDs'!H11="","Not answered",IFERROR(INDEX(Options!$C$2:$C$55,MATCH("stress|"&'Raw IDs'!H11,Options!$D$2:$D$55,0)),"Not set ("&'Raw IDs'!H11&")")) -> Manageable | K11: =IF('Raw IDs'!I11="","Not answered",IFERROR(INDEX(Options!$C$2:$C$55,MATCH("sleep|"&'Raw IDs'!I11,Options!$D$2:$D$55,0)),"Not set ("&'Raw IDs'!I11&")")) -> 6 or less | L11: =IF('Raw IDs'!J11="","Not answered",IFERROR(INDEX(Options!$C$2:$C$55,MATCH("diet|"&'Raw IDs'!J11,Options!$D$2:$D$55,0)),"Not set ("&'Raw IDs'!J11&")")) -> Balanced | M11: =IF('Raw IDs'!K11="","Not answered",IF('Raw IDs'!K11=0,"Not set (0)",'Raw IDs'!K11)) -> Not set (0) | N11: =IF('Raw IDs'!L11="","Not answered",IFERROR(INDEX(Options!$C$2:$C$55,MATCH("home|"&'Raw IDs'!L11,Options!$D$2:$D$55,0)),"Not set ("&'Raw IDs'!L11&")")) -> Not answered | O11: =IF('Raw IDs'!M11="","Not answered",IFERROR(INDEX(Options!$C$2:$C$55,MATCH("takeout|"&'Raw IDs'!M11,Options!$D$2:$D$55,0)),"Not set ("&'Raw IDs'!M11&")")) -> Not answered | P11: =IF('Raw IDs'!N11="","Not answered",IFERROR(INDEX(Options!$C$2:$C$55,MATCH("yesno|"&'Raw IDs'!N11,Options!$D$2:$D$55,0)),"Not set ("&'Raw IDs'!N11&")")) -> Yes | Q11: =IF('Raw IDs'!O11="","Not answered",IFERROR(INDEX(Options!$C$2:$C$55,MATCH("yesno|"&'Raw IDs'!O11,Options!$D$2:$D$55,0)),"Not set ("&'Raw IDs'!O11&")")) -> No | R11: =IF('Raw IDs'!P11="","Not answered",IFERROR(INDEX(Options!$C$2:$C$55,MATCH("yesno|"&'Raw IDs'!P11,Options!$D$2:$D$55,0)),"Not set ("&'Raw IDs'!P11&")")) -> No | S11: =IF('Raw IDs'!Q11="","Not answered",IFERROR(INDEX(Options!$C$2:$C$55,MATCH("yesno|"&'Raw IDs'!Q11,Options!$D$2:$D$55,0)),"Not set ("&'Raw IDs'!Q11&")")) -> Yes | T11: =IF('Raw IDs'!R11="","Not answered",IFERROR(INDEX(Options!$C$2:$C$55,MATCH("yesno|"&'Raw IDs'!R11,Options!$D$2:$D$55,0)),"Not set ("&'Raw IDs'!R11&")")) -> No | U11: =IF('Raw IDs'!S11="","Not answered",IFERROR(INDEX(Options!$C$2:$C$55,MATCH("seriousness|"&'Raw IDs'!S11,Options!$D$2:$D$55,0)),"Not set ("&'Raw IDs'!S11&")")) -> 3 | V11: ='Raw IDs'!T11 -> 2025-08-01
A12: ='Raw IDs'!A12 -> m11 | B12: =INDEX('ID key'!$C$2:$C$13,MATCH($A12,'ID key'!$A$2:$A$13,0))&" "&INDEX('ID key'!$D$2:$D$13,MATCH($A12,'ID key'!$A$2:$A$13,0)) -> Maryna Tykhonenko | C12: =IFERROR(INDEX('Member goals'!$E$2:$E$26,MATCH($A12&"|1",'Member goals'!$G$2:$G$26,0)),"Not provided") -> Not provided | D12: =IF('Raw IDs'!B12="","Not answered",IFERROR(INDEX(Options!$C$2:$C$55,MATCH("freq|"&'Raw IDs'!B12,Options!$D$2:$D$55,0)),"Not set ("&'Raw IDs'!B12&")")) -> Never | E12: =IF('Raw IDs'!C12="","Not answered",IFERROR(INDEX(Options!$C$2:$C$55,MATCH("time|"&'Raw IDs'!C12,Options!$D$2:$D$55,0)),"Not set ("&'Raw IDs'!C12&")")) -> Less than a year | F12: =IF('Raw IDs'!D12="","Not answered",IFERROR(INDEX(Options!$C$2:$C$55,MATCH("smoke|"&'Raw IDs'!D12,Options!$D$2:$D$55,0)),"Not set ("&'Raw IDs'!D12&")")) -> Yes | G12: =IF('Raw IDs'!E12="","Not answered",IFERROR(INDEX(Options!$C$2:$C$55,MATCH("alcohol|"&'Raw IDs'!E12,Options!$D$2:$D$55,0)),"Not set ("&'Raw IDs'!E12&")")) -> Occasionally | H12: =IF('Raw IDs'!F12="","Not answered",IFERROR(INDEX(Options!$C$2:$C$55,MATCH("work|"&'Raw IDs'!F12,Options!$D$2:$D$55,0)),"Not set ("&'Raw IDs'!F12&")")) -> Not set (0) | I12: =IF('Raw IDs'!G12="","Not answered",'Raw IDs'!G12) -> Not answered | J12: =IF('Raw IDs'!H12="","Not answered",IFERROR(INDEX(Options!$C$2:$C$55,MATCH("stress|"&'Raw IDs'!H12,Options!$D$2:$D$55,0)),"Not set ("&'Raw IDs'!H12&")")) -> High | K12: =IF('Raw IDs'!I12="","Not answered",IFERROR(INDEX(Options!$C$2:$C$55,MATCH("sleep|"&'Raw IDs'!I12,Options!$D$2:$D$55,0)),"Not set ("&'Raw IDs'!I12&")")) -> 6 or less | L12: =IF('Raw IDs'!J12="","Not answered",IFERROR(INDEX(Options!$C$2:$C$55,MATCH("diet|"&'Raw IDs'!J12,Options!$D$2:$D$55,0)),"Not set ("&'Raw IDs'!J12&")")) -> Balanced | M12: =IF('Raw IDs'!K12="","Not answered",IF('Raw IDs'!K12=0,"Not set (0)",'Raw IDs'!K12)) -> 2 | N12: =IF('Raw IDs'!L12="","Not answered",IFERROR(INDEX(Options!$C$2:$C$55,MATCH("home|"&'Raw IDs'!L12,Options!$D$2:$D$55,0)),"Not set ("&'Raw IDs'!L12&")")) -> Not answered | O12: =IF('Raw IDs'!M12="","Not answered",IFERROR(INDEX(Options!$C$2:$C$55,MATCH("takeout|"&'Raw IDs'!M12,Options!$D$2:$D$55,0)),"Not set ("&'Raw IDs'!M12&")")) -> Not answered | P12: =IF('Raw IDs'!N12="","Not answered",IFERROR(INDEX(Options!$C$2:$C$55,MATCH("yesno|"&'Raw IDs'!N12,Options!$D$2:$D$55,0)),"Not set ("&'Raw IDs'!N12&")")) -> No | Q12: =IF('Raw IDs'!O12="","Not answered",IFERROR(INDEX(Options!$C$2:$C$55,MATCH("yesno|"&'Raw IDs'!O12,Options!$D$2:$D$55,0)),"Not set ("&'Raw IDs'!O12&")")) -> No | R12: =IF('Raw IDs'!P12="","Not answered",IFERROR(INDEX(Options!$C$2:$C$55,MATCH("yesno|"&'Raw IDs'!P12,Options!$D$2:$D$55,0)),"Not set ("&'Raw IDs'!P12&")")) -> No | S12: =IF('Raw IDs'!Q12="","Not answered",IFERROR(INDEX(Options!$C$2:$C$55,MATCH("yesno|"&'Raw IDs'!Q12,Options!$D$2:$D$55,0)),"Not set ("&'Raw IDs'!Q12&")")) -> Yes | T12: =IF('Raw IDs'!R12="","Not answered",IFERROR(INDEX(Options!$C$2:$C$55,MATCH("yesno|"&'Raw IDs'!R12,Options!$D$2:$D$55,0)),"Not set ("&'Raw IDs'!R12&")")) -> Yes | U12: =IF('Raw IDs'!S12="","Not answered",IFERROR(INDEX(Options!$C$2:$C$55,MATCH("seriousness|"&'Raw IDs'!S12,Options!$D$2:$D$55,0)),"Not set ("&'Raw IDs'!S12&")")) -> Motivated | V12: ='Raw IDs'!T12 -> 2025-08-03
A13: ='Raw IDs'!A13 -> m12 | B13: =INDEX('ID key'!$C$2:$C$13,MATCH($A13,'ID key'!$A$2:$A$13,0))&" "&INDEX('ID key'!$D$2:$D$13,MATCH($A13,'ID key'!$A$2:$A$13,0)) -> Ozlem Koroglu | C13: =IFERROR(INDEX('Member goals'!$E$2:$E$26,MATCH($A13&"|1",'Member goals'!$G$2:$G$26,0)),"Not provided") -> Not provided | D13: =IF('Raw IDs'!B13="","Not answered",IFERROR(INDEX(Options!$C$2:$C$55,MATCH("freq|"&'Raw IDs'!B13,Options!$D$2:$D$55,0)),"Not set ("&'Raw IDs'!B13&")")) -> 3-4 times / week | E13: =IF('Raw IDs'!C13="","Not answered",IFERROR(INDEX(Options!$C$2:$C$55,MATCH("time|"&'Raw IDs'!C13,Options!$D$2:$D$55,0)),"Not set ("&'Raw IDs'!C13&")")) -> Less than a year | F13: =IF('Raw IDs'!D13="","Not answered",IFERROR(INDEX(Options!$C$2:$C$55,MATCH("smoke|"&'Raw IDs'!D13,Options!$D$2:$D$55,0)),"Not set ("&'Raw IDs'!D13&")")) -> Social / Occasional | G13: =IF('Raw IDs'!E13="","Not answered",IFERROR(INDEX(Options!$C$2:$C$55,MATCH("alcohol|"&'Raw IDs'!E13,Options!$D$2:$D$55,0)),"Not set ("&'Raw IDs'!E13&")")) -> Occasionally | H13: =IF('Raw IDs'!F13="","Not answered",IFERROR(INDEX(Options!$C$2:$C$55,MATCH("work|"&'Raw IDs'!F13,Options!$D$2:$D$55,0)),"Not set ("&'Raw IDs'!F13&")")) -> Not set (0) | I13: =IF('Raw IDs'!G13="","Not answered",'Raw IDs'!G13) -> Not answered | J13: =IF('Raw IDs'!H13="","Not answered",IFERROR(INDEX(Options!$C$2:$C$55,MATCH("stress|"&'Raw IDs'!H13,Options!$D$2:$D$55,0)),"Not set ("&'Raw IDs'!H13&")")) -> Manageable | K13: =IF('Raw IDs'!I13="","Not answered",IFERROR(INDEX(Options!$C$2:$C$55,MATCH("sleep|"&'Raw IDs'!I13,Options!$D$2:$D$55,0)),"Not set ("&'Raw IDs'!I13&")")) -> 7 or more | L13: =IF('Raw IDs'!J13="","Not answered",IFERROR(INDEX(Options!$C$2:$C$55,MATCH("diet|"&'Raw IDs'!J13,Options!$D$2:$D$55,0)),"Not set ("&'Raw IDs'!J13&")")) -> Balanced | M13: =IF('Raw IDs'!K13="","Not answered",IF('Raw IDs'!K13=0,"Not set (0)",'Raw IDs'!K13)) -> 2 | N13: =IF('Raw IDs'!L13="","Not answered",IFERROR(INDEX(Options!$C$2:$C$55,MATCH("home|"&'Raw IDs'!L13,Options!$D$2:$D$55,0)),"Not set ("&'Raw IDs'!L13&")")) -> Not answered | O13: =IF('Raw IDs'!M13="","Not answered",IFERROR(INDEX(Options!$C$2:$C$55,MATCH("takeout|"&'Raw IDs'!M13,Options!$D$2:$D$55,0)),"Not set ("&'Raw IDs'!M13&")")) -> Not answered | P13: =IF('Raw IDs'!N13="","Not answered",IFERROR(INDEX(Options!$C$2:$C$55,MATCH("yesno|"&'Raw IDs'!N13,Options!$D$2:$D$55,0)),"Not set ("&'Raw IDs'!N13&")")) -> No | Q13: =IF('Raw IDs'!O13="","Not answered",IFERROR(INDEX(Options!$C$2:$C$55,MATCH("yesno|"&'Raw IDs'!O13,Options!$D$2:$D$55,0)),"Not set ("&'Raw IDs'!O13&")")) -> No | R13: =IF('Raw IDs'!P13="","Not answered",IFERROR(INDEX(Options!$C$2:$C$55,MATCH("yesno|"&'Raw IDs'!P13,Options!$D$2:$D$55,0)),"Not set ("&'Raw IDs'!P13&")")) -> No | S13: =IF('Raw IDs'!Q13="","Not answered",IFERROR(INDEX(Options!$C$2:$C$55,MATCH("yesno|"&'Raw IDs'!Q13,Options!$D$2:$D$55,0)),"Not set ("&'Raw IDs'!Q13&")")) -> Yes | T13: =IF('Raw IDs'!R13="","Not answered",IFERROR(INDEX(Options!$C$2:$C$55,MATCH("yesno|"&'Raw IDs'!R13,Options!$D$2:$D$55,0)),"Not set ("&'Raw IDs'!R13&")")) -> No | U13: =IF('Raw IDs'!S13="","Not answered",IFERROR(INDEX(Options!$C$2:$C$55,MATCH("seriousness|"&'Raw IDs'!S13,Options!$D$2:$D$55,0)),"Not set ("&'Raw IDs'!S13&")")) -> 4 | V13: ='Raw IDs'!T13 -> 2025-08-03
A18: Notes
A19: Labels come from the Options tab using the IDs on the Raw IDs tab. Names come from the ID key tab.
A20: Not answered = the database value is empty (NULL). Not set (0) = the database holds 0, which matches no option.
A21: Goals, activities, health conditions and last week's attendance are not in member_details, so they are not in this workbook yet.
A22: Medication and medical treatment were left out on purpose (health data).
A23: Yellow goal cells have no goal yet because the goal rows were not available. See the Member goals tab.
A24: Sitting hours and Number of meals are numbers stored as entered. Their unit is not confirmed in the data.
A25: This workbook contains real member names. Do not paste names into model prompts. Use the Test ID instead.
A26: The Last week attendance tab holds made-up sample data for testing, not real check-ins.

Sheet Last week attendance
A1: Test ID | B1: Member name | C1: Cardio | D1: Strength | E1: Shape | F1: Strength & Conditioning | G1: Wellness | H1: Red Light Therapy | I1: Classes (excl. Red Light) | J1: Within slot caps? | K1: Stated frequency | L1: Goal used for test
A2: ='Raw IDs'!A2 -> m1 | B2: ='Wellness preferences'!B2 -> Levent Soydaner | C2: 1 | D2: 1 | E2: 1 | F2: 1 | G2: 0 | H2: 1 | I2: =SUM(C2:G2) -> 4 | J2: =IF(AND(C2<=C$15,D2<=D$15,E2<=E$15,F2<=F$15,G2<=G$15,H2<=H$15),"Yes","No") -> Yes | K2: ='Wellness preferences'!D2 -> 3-4 times / week | L2: ='Wellness preferences'!C2 -> Improve cardio performance
A3: ='Raw IDs'!A3 -> m2 | B3: ='Wellness preferences'!B3 -> Veronika Masarskaya | C3: 1 | D3: 0 | E3: 0 | F3: 0 | G3: 1 | H3: 0 | I3: =SUM(C3:G3) -> 2 | J3: =IF(AND(C3<=C$15,D3<=D$15,E3<=E$15,F3<=F$15,G3<=G$15,H3<=H$15),"Yes","No") -> Yes | K3: ='Wellness preferences'!D3 -> 1-2 times / week | L3: ='Wellness preferences'!C3 -> Weight loss
A4: ='Raw IDs'!A4 -> m3 | B4: ='Wellness preferences'!B4 -> Elen Kost | C4: 0 | D4: 1 | E4: 1 | F4: 1 | G4: 0 | H4: 2 | I4: =SUM(C4:G4) -> 3 | J4: =IF(AND(C4<=C$15,D4<=D$15,E4<=E$15,F4<=F$15,G4<=G$15,H4<=H$15),"Yes","No") -> Yes | K4: ='Wellness preferences'!D4 -> 3-4 times / week | L4: ='Wellness preferences'!C4 -> Muscle tone
A5: ='Raw IDs'!A5 -> m4 | B5: ='Wellness preferences'!B5 -> Emma Arlemark | C5: 0 | D5: 0 | E5: 1 | F5: 0 | G5: 0 | H5: 1 | I5: =SUM(C5:G5) -> 1 | J5: =IF(AND(C5<=C$15,D5<=D$15,E5<=E$15,F5<=F$15,G5<=G$15,H5<=H$15),"Yes","No") -> Yes | K5: ='Wellness preferences'!D5 -> 1-2 times / week | L5: ='Wellness preferences'!C5 -> Weight loss
A6: ='Raw IDs'!A6 -> m5 | B6: ='Wellness preferences'!B6 -> Ria Juma | C6: 1 | D6: 1 | E6: 0 | F6: 1 | G6: 1 | H6: 0 | I6: =SUM(C6:G6) -> 4 | J6: =IF(AND(C6<=C$15,D6<=D$15,E6<=E$15,F6<=F$15,G6<=G$15,H6<=H$15),"Yes","No") -> Yes | K6: ='Wellness preferences'!D6 -> 3-4 times / week | L6: ='Wellness preferences'!C6 -> Build strength
A7: ='Raw IDs'!A7 -> m6 | B7: ='Wellness preferences'!B7 -> Maria Costanzo | C7: 0 | D7: 2 | E7: 1 | F7: 0 | G7: 1 | H7: 1 | I7: =SUM(C7:G7) -> 4 | J7: =IF(AND(C7<=C$15,D7<=D$15,E7<=E$15,F7<=F$15,G7<=G$15,H7<=H$15),"Yes","No") -> Yes | K7: ='Wellness preferences'!D7 -> 3-4 times / week | L7: ='Wellness preferences'!C7 -> Muscle tone
A8: ='Raw IDs'!A8 -> m7 | B8: ='Wellness preferences'!B8 -> Vinay Parmar | C8: 1 | D8: 2 | E8: 1 | F8: 1 | G8: 0 | H8: 3 | I8: =SUM(C8:G8) -> 5 | J8: =IF(AND(C8<=C$15,D8<=D$15,E8<=E$15,F8<=F$15,G8<=G$15,H8<=H$15),"Yes","No") -> Yes | K8: ='Wellness preferences'!D8 -> 5-6 times / week | L8: ='Wellness preferences'!C8 -> Weight loss
A9: ='Raw IDs'!A9 -> m8 | B9: ='Wellness preferences'!B9 -> Ruksana Hussain | C9: 1 | D9: 1 | E9: 2 | F9: 2 | G9: 0 | H9: 2 | I9: =SUM(C9:G9) -> 6 | J9: =IF(AND(C9<=C$15,D9<=D$15,E9<=E$15,F9<=F$15,G9<=G$15,H9<=H$15),"Yes","No") -> Yes | K9: ='Wellness preferences'!D9 -> 5-6 times / week | L9: ='Wellness preferences'!C9 -> Weight loss
A10: ='Raw IDs'!A10 -> m9 | B10: ='Wellness preferences'!B10 -> Asif Khokhar | C10: 1 | D10: 0 | E10: 0 | F10: 1 | G10: 0 | H10: 0 | I10: =SUM(C10:G10) -> 2 | J10: =IF(AND(C10<=C$15,D10<=D$15,E10<=E$15,F10<=F$15,G10<=G$15,H10<=H$15),"Yes","No") -> Yes | K10: ='Wellness preferences'!D10 -> 1-2 times / week | L10: ='Wellness preferences'!C10 -> Not provided
A11: ='Raw IDs'!A11 -> m10 | B11: ='Wellness preferences'!B11 -> Sadaf Hameed | C11: 0 | D11: 1 | E11: 0 | F11: 0 | G11: 1 | H11: 1 | I11: =SUM(C11:G11) -> 2 | J11: =IF(AND(C11<=C$15,D11<=D$15,E11<=E$15,F11<=F$15,G11<=G$15,H11<=H$15),"Yes","No") -> Yes | K11: ='Wellness preferences'!D11 -> 1-2 times / week | L11: ='Wellness preferences'!C11 -> Not provided
A12: ='Raw IDs'!A12 -> m11 | B12: ='Wellness preferences'!B12 -> Maryna Tykhonenko | C12: 0 | D12: 0 | E12: 0 | F12: 0 | G12: 0 | H12: 0 | I12: =SUM(C12:G12) -> 0 | J12: =IF(AND(C12<=C$15,D12<=D$15,E12<=E$15,F12<=F$15,G12<=G$15,H12<=H$15),"Yes","No") -> Yes | K12: ='Wellness preferences'!D12 -> Never | L12: ='Wellness preferences'!C12 -> Not provided
A13: ='Raw IDs'!A13 -> m12 | B13: ='Wellness preferences'!B13 -> Ozlem Koroglu | C13: 1 | D13: 0 | E13: 2 | F13: 1 | G13: 0 | H13: 0 | I13: =SUM(C13:G13) -> 4 | J13: =IF(AND(C13<=C$15,D13<=D$15,E13<=E$15,F13<=F$15,G13<=G$15,H13<=H$15),"Yes","No") -> Yes | K13: ='Wellness preferences'!D13 -> 3-4 times / week | L13: ='Wellness preferences'!C13 -> Not provided
A15: Slot cap | C15: 1 | D15: 2 | E15: 2 | F15: 2 | G15: 2 | H15: 5
A17: SAMPLE DATA: these attendance numbers are made up for testing. They are not real check-ins.
A18: Counts are sessions attended last week per category. Each member's total roughly follows their stated activity frequency. Red Light Therapy is recovery and is not counted in the class total.
A19: Slot caps come from the class catalog used by the planner (editable above). Blue = values you can change.

Sheet Prompt input
A1: Test ID | B1: Gender | C1: Age | D1: Fitness goal | E1: Current activities | F1: Exercise frequency | G1: Active | H1: Conditions | I1: Medications | J1: Smoker | K1: Alcohol consumption | L1: Medical treatment | M1: Cardio | N1: Strength | O1: Shape | P1: Strength & Conditioning | Q1: Wellness | R1: Red Light Therapy | S1: Full prompt (formula) | T1: Est. input tokens (characters / 4) | U1: Optimized prompt (formula) | V1: Optimized est. input tokens (characters / 4) | W1: Tokens saved vs original (estimate)
A2: ='Raw IDs'!A2 -> m1 | B2: Female | C2: 42 | D2: ='Wellness preferences'!C2 -> Improve cardio performance | F2: ='Wellness preferences'!D2 -> 3-4 times / week | G2: ='Wellness preferences'!E2 -> 1-3 years | J2: ='Wellness preferences'!F2 -> No | K2: ='Wellness preferences'!G2 -> Occasionally | M2: ='Last week attendance'!C2 -> 1 | N2: ='Last week attendance'!D2 -> 1 | O2: ='Last week attendance'!E2 -> 1 | P2: ='Last week attendance'!F2 -> 1 | Q2: ='Last week attendance'!G2 -> 0 | R2: ='Last week attendance'!H2 -> 1 | S2: ='Prompt template'!$A$2&CHAR(10)&CHAR(10)&"[MEMBER'S PROFILE]"&CHAR(10)&"Gender: "&IF(B2="","Not provided",B2)&CHAR(10)&"Age: "&IF(C2="","Not provided",C2)&CHAR(10)&CHAR(10)&"*MEMBER'S WELLNESS QUESTIONAIRE DATA*"&CHAR(10)&CHAR(10)&"Fitness goal: "&IF(D2="","Not provided",D2)&CHAR(10)&CHAR(10)&"Current activities: "&IF(E2="","Not provided",E2)&CHAR(10)&"Exercise frequency: "&IF(F2="","Not provided",F2)&CHAR(10)&"Active: "&IF(G2="","Not provided",G2)&CHAR(10)&"Conditions: "&IF(H2="","Not provided",H2)&CHAR(10)&"Medications: "&IF(I2="","Not provided",I2)&CHAR(10)&"Smoker: "&IF(J2="","Not provided",J2)&CHAR(10)&"Alcohol consumption: "&IF(K2="","Not provided",K2)&CHAR(10)&"Medical treatment: "&IF(L2="","Not provided",L2)&CHAR(10)&CHAR(10)&"*LAST WEEKS SESSIONS*"&CHAR(10)&"Cardio="&M2&CHAR(10)&"Strength="&N2&CHAR(10)&"Shape="&O2&CHAR(10)&"Strength & Conditioning="&P2&CHAR(10)&"Wellness="&Q2&CHAR(10)&"Red Light Therapy="&R2 -> [INSTRUCTIONS] You are a seasoned fitness consultant. You will take the following member profile and suggest their booking session goals for the next coming week and suggest how many sessions from the [CONTEXT] they need to book in order to progress in their stated fitness goal. Note that some Classes have max 1/2 sessions slots per week. [CONTEXT] Cardio Sessions (1 slot/week) - 50min Session. feature powerful exercise sequences performed at speed and combining bodyweight, freestanding equipment and machines. Work more, rest less, pushing your calorie burn to the max. Strength (2 slot/week) - 50min Session. Utilizes resistance training, time under tension and functional drop sets to develop your muscle density and mobility. Perform controlled exercises and focus on technique and expanding your range of movement. Shape (2 slot/week) - 50min Session. Combines cardio and strength training through a mix of controlled, consistent high tempo movements. Build muscular endurance, reduce body imbalance and burn calories, while also lighting up your cardiovascular system. Strength & Conditioning (2 slot/week) - 50min Session. Dynamic sequences combining power, endurance, and functional performance. Expect full body movement patterns and conditioning intervals that challenge your strength, coordination, and stamina while improving overall physical capacity. Wellness (2 slot/week) - 30min/50min Sessions. Designed to enhance mobility, flexibility, and overall wellbeing. Slow the pace, reconnect with your body, and restore balance through mindful movement and guided mobility work. Red Light Therapy (5 slots/week) - 10min Sessions. Boost recovery, improve skin health, and reduce inflammation with our red light therapy sessions. A quick and effective way to help your body recharge and heal faster. Pre or post workout has equal benefits. [MEMBER'S PROFILE] Gender: Female Age: 42 *MEMBER'S WELLNESS QUESTIONAIRE DATA* Fitness goal: Improve cardio performance Current activities: Not provided Exercise frequency: 3-4 times / week Active: 1-3 years Conditions: Not provided Medications: Not provided Smoker: No Alcohol consumption: Occasionally Medical treatment: Not provided *LAST WEEKS SESSIONS* Cardio=1 Strength=1 Shape=1 Strength & Conditioning=1 Wellness=0 Red Light Therapy=1 | T2: =ROUND(LEN(S2)/4,0) -> 577 | U2: ='Prompt template (optimized)'!$A$2&CHAR(10)&CHAR(10)&"Member:"&IF(AND(B2="",C2=""),"",CHAR(10)&"Profile: "&_xlfn.TEXTJOIN(", ",TRUE(),B2,C2))&IF(OR(D2="",LEFT(D2,3)="Not"),"",CHAR(10)&"Goal: "&D2)&IF(OR(E2="",LEFT(E2,3)="Not"),"",CHAR(10)&"Activities: "&E2)&IF(OR(F2="",LEFT(F2,3)="Not"),"",CHAR(10)&"Exercise frequency: "&F2)&IF(OR(G2="",LEFT(G2,3)="Not"),"",CHAR(10)&"Training history: "&G2)&IF(OR(H2="",LEFT(H2,3)="Not"),"",CHAR(10)&"Conditions: "&H2)&IF(OR(I2="",LEFT(I2,3)="Not"),"",CHAR(10)&"Medications: "&I2)&IF(OR(L2="",LEFT(L2,3)="Not"),"",CHAR(10)&"Medical treatment: "&L2)&IF(OR(J2="",LEFT(J2,3)="Not"),"",CHAR(10)&"Smoker: "&J2)&IF(OR(K2="",LEFT(K2,3)="Not"),"",CHAR(10)&"Alcohol: "&K2)&CHAR(10)&"Last week: "&"Cardio="&M2&", "&"Strength="&N2&", "&"Shape="&O2&", "&"Strength & Conditioning="&P2&", "&"Wellness="&Q2&", "&"Red Light Therapy="&R2&CHAR(10)&CHAR(10)&'Prompt template (optimized)'!$A$5 -> You are a fitness consultant. Plan the member's class bookings for next week so they progress toward their stated goal. Weekly slot caps (never exceed): Cardio 1, Strength 2, Shape 2, Strength & Conditioning 2, Wellness 2, Red Light Therapy 5. Classes: - Cardio: high-intensity intervals (bodyweight, equipment, machines); maximum calorie burn. - Strength: resistance training and time under tension; muscle density, mobility, technique. - Shape: high-tempo cardio and strength mix; muscular endurance, body balance, calorie burn. - Strength & Conditioning: power, endurance and functional full-body conditioning; stamina, coordination. - Wellness: mobility, flexibility and mindful recovery. - Red Light Therapy: 10-minute recovery session, before or after a workout; recovery, skin, inflammation. Rules: - Use whole numbers from 0 up to each cap. - Use last week's sessions as the baseline and progress toward the goal without a sudden jump. - Keep the total realistic for the member's exercise frequency, health and recovery. Member: Profile: Female, 42 Goal: Improve cardio performance Exercise frequency: 3-4 times / week Training history: 1-3 years Smoker: No Alcohol: Occasionally Last week: Cardio=1, Strength=1, Shape=1, Strength & Conditioning=1, Wellness=0, Red Light Therapy=1 Answer with JSON only, no other text: {"Cardio":#,"Strength":#,"Shape":#,"Strength & Conditioning":#,"Wellness":#,"Red Light Therapy":#} | V2: =ROUND(LEN(U2)/4,0) -> 358 | W2: =T2-V2 -> 219
A3: ='Raw IDs'!A3 -> m2 | B3: Female | C3: 36 | D3: ='Wellness preferences'!C3 -> Weight loss | F3: ='Wellness preferences'!D3 -> 1-2 times / week | G3: ='Wellness preferences'!E3 -> 3+ years | J3: ='Wellness preferences'!F3 -> No | K3: ='Wellness preferences'!G3 -> Never | M3: ='Last week attendance'!C3 -> 1 | N3: ='Last week attendance'!D3 -> 0 | O3: ='Last week attendance'!E3 -> 0 | P3: ='Last week attendance'!F3 -> 0 | Q3: ='Last week attendance'!G3 -> 1 | R3: ='Last week attendance'!H3 -> 0 | S3: ='Prompt template'!$A$2&CHAR(10)&CHAR(10)&"[MEMBER'S PROFILE]"&CHAR(10)&"Gender: "&IF(B3="","Not provided",B3)&CHAR(10)&"Age: "&IF(C3="","Not provided",C3)&CHAR(10)&CHAR(10)&"*MEMBER'S WELLNESS QUESTIONAIRE DATA*"&CHAR(10)&CHAR(10)&"Fitness goal: "&IF(D3="","Not provided",D3)&CHAR(10)&CHAR(10)&"Current activities: "&IF(E3="","Not provided",E3)&CHAR(10)&"Exercise frequency: "&IF(F3="","Not provided",F3)&CHAR(10)&"Active: "&IF(G3="","Not provided",G3)&CHAR(10)&"Conditions: "&IF(H3="","Not provided",H3)&CHAR(10)&"Medications: "&IF(I3="","Not provided",I3)&CHAR(10)&"Smoker: "&IF(J3="","Not provided",J3)&CHAR(10)&"Alcohol consumption: "&IF(K3="","Not provided",K3)&CHAR(10)&"Medical treatment: "&IF(L3="","Not provided",L3)&CHAR(10)&CHAR(10)&"*LAST WEEKS SESSIONS*"&CHAR(10)&"Cardio="&M3&CHAR(10)&"Strength="&N3&CHAR(10)&"Shape="&O3&CHAR(10)&"Strength & Conditioning="&P3&CHAR(10)&"Wellness="&Q3&CHAR(10)&"Red Light Therapy="&R3 -> [INSTRUCTIONS] You are a seasoned fitness consultant. You will take the following member profile and suggest their booking session goals for the next coming week and suggest how many sessions from the [CONTEXT] they need to book in order to progress in their stated fitness goal. Note that some Classes have max 1/2 sessions slots per week. [CONTEXT] Cardio Sessions (1 slot/week) - 50min Session. feature powerful exercise sequences performed at speed and combining bodyweight, freestanding equipment and machines. Work more, rest less, pushing your calorie burn to the max. Strength (2 slot/week) - 50min Session. Utilizes resistance training, time under tension and functional drop sets to develop your muscle density and mobility. Perform controlled exercises and focus on technique and expanding your range of movement. Shape (2 slot/week) - 50min Session. Combines cardio and strength training through a mix of controlled, consistent high tempo movements. Build muscular endurance, reduce body imbalance and burn calories, while also lighting up your cardiovascular system. Strength & Conditioning (2 slot/week) - 50min Session. Dynamic sequences combining power, endurance, and functional performance. Expect full body movement patterns and conditioning intervals that challenge your strength, coordination, and stamina while improving overall physical capacity. Wellness (2 slot/week) - 30min/50min Sessions. Designed to enhance mobility, flexibility, and overall wellbeing. Slow the pace, reconnect with your body, and restore balance through mindful movement and guided mobility work. Red Light Therapy (5 slots/week) - 10min Sessions. Boost recovery, improve skin health, and reduce inflammation with our red light therapy sessions. A quick and effective way to help your body recharge and heal faster. Pre or post workout has equal benefits. [MEMBER'S PROFILE] Gender: Female Age: 36 *MEMBER'S WELLNESS QUESTIONAIRE DATA* Fitness goal: Weight loss Current activities: Not provided Exercise frequency: 1-2 times / week Active: 3+ years Conditions: Not provided Medications: Not provided Smoker: No Alcohol consumption: Never Medical treatment: Not provided *LAST WEEKS SESSIONS* Cardio=1 Strength=0 Shape=0 Strength & Conditioning=0 Wellness=1 Red Light Therapy=0 | T3: =ROUND(LEN(S3)/4,0) -> 571 | U3: ='Prompt template (optimized)'!$A$2&CHAR(10)&CHAR(10)&"Member:"&IF(AND(B3="",C3=""),"",CHAR(10)&"Profile: "&_xlfn.TEXTJOIN(", ",TRUE(),B3,C3))&IF(OR(D3="",LEFT(D3,3)="Not"),"",CHAR(10)&"Goal: "&D3)&IF(OR(E3="",LEFT(E3,3)="Not"),"",CHAR(10)&"Activities: "&E3)&IF(OR(F3="",LEFT(F3,3)="Not"),"",CHAR(10)&"Exercise frequency: "&F3)&IF(OR(G3="",LEFT(G3,3)="Not"),"",CHAR(10)&"Training history: "&G3)&IF(OR(H3="",LEFT(H3,3)="Not"),"",CHAR(10)&"Conditions: "&H3)&IF(OR(I3="",LEFT(I3,3)="Not"),"",CHAR(10)&"Medications: "&I3)&IF(OR(L3="",LEFT(L3,3)="Not"),"",CHAR(10)&"Medical treatment: "&L3)&IF(OR(J3="",LEFT(J3,3)="Not"),"",CHAR(10)&"Smoker: "&J3)&IF(OR(K3="",LEFT(K3,3)="Not"),"",CHAR(10)&"Alcohol: "&K3)&CHAR(10)&"Last week: "&"Cardio="&M3&", "&"Strength="&N3&", "&"Shape="&O3&", "&"Strength & Conditioning="&P3&", "&"Wellness="&Q3&", "&"Red Light Therapy="&R3&CHAR(10)&CHAR(10)&'Prompt template (optimized)'!$A$5 -> You are a fitness consultant. Plan the member's class bookings for next week so they progress toward their stated goal. Weekly slot caps (never exceed): Cardio 1, Strength 2, Shape 2, Strength & Conditioning 2, Wellness 2, Red Light Therapy 5. Classes: - Cardio: high-intensity intervals (bodyweight, equipment, machines); maximum calorie burn. - Strength: resistance training and time under tension; muscle density, mobility, technique. - Shape: high-tempo cardio and strength mix; muscular endurance, body balance, calorie burn. - Strength & Conditioning: power, endurance and functional full-body conditioning; stamina, coordination. - Wellness: mobility, flexibility and mindful recovery. - Red Light Therapy: 10-minute recovery session, before or after a workout; recovery, skin, inflammation. Rules: - Use whole numbers from 0 up to each cap. - Use last week's sessions as the baseline and progress toward the goal without a sudden jump. - Keep the total realistic for the member's exercise frequency, health and recovery. Member: Profile: Female, 36 Goal: Weight loss Exercise frequency: 1-2 times / week Training history: 3+ years Smoker: No Alcohol: Never Last week: Cardio=1, Strength=0, Shape=0, Strength & Conditioning=0, Wellness=1, Red Light Therapy=0 Answer with JSON only, no other text: {"Cardio":#,"Strength":#,"Shape":#,"Strength & Conditioning":#,"Wellness":#,"Red Light Therapy":#} | V3: =ROUND(LEN(U3)/4,0) -> 352 | W3: =T3-V3 -> 219
A4: ='Raw IDs'!A4 -> m3 | B4: Male | C4: 53 | D4: ='Wellness preferences'!C4 -> Muscle tone | F4: ='Wellness preferences'!D4 -> 3-4 times / week | G4: ='Wellness preferences'!E4 -> 3+ years | J4: ='Wellness preferences'!F4 -> No | K4: ='Wellness preferences'!G4 -> Never | M4: ='Last week attendance'!C4 -> 0 | N4: ='Last week attendance'!D4 -> 1 | O4: ='Last week attendance'!E4 -> 1 | P4: ='Last week attendance'!F4 -> 1 | Q4: ='Last week attendance'!G4 -> 0 | R4: ='Last week attendance'!H4 -> 2 | S4: ='Prompt template'!$A$2&CHAR(10)&CHAR(10)&"[MEMBER'S PROFILE]"&CHAR(10)&"Gender: "&IF(B4="","Not provided",B4)&CHAR(10)&"Age: "&IF(C4="","Not provided",C4)&CHAR(10)&CHAR(10)&"*MEMBER'S WELLNESS QUESTIONAIRE DATA*"&CHAR(10)&CHAR(10)&"Fitness goal: "&IF(D4="","Not provided",D4)&CHAR(10)&CHAR(10)&"Current activities: "&IF(E4="","Not provided",E4)&CHAR(10)&"Exercise frequency: "&IF(F4="","Not provided",F4)&CHAR(10)&"Active: "&IF(G4="","Not provided",G4)&CHAR(10)&"Conditions: "&IF(H4="","Not provided",H4)&CHAR(10)&"Medications: "&IF(I4="","Not provided",I4)&CHAR(10)&"Smoker: "&IF(J4="","Not provided",J4)&CHAR(10)&"Alcohol consumption: "&IF(K4="","Not provided",K4)&CHAR(10)&"Medical treatment: "&IF(L4="","Not provided",L4)&CHAR(10)&CHAR(10)&"*LAST WEEKS SESSIONS*"&CHAR(10)&"Cardio="&M4&CHAR(10)&"Strength="&N4&CHAR(10)&"Shape="&O4&CHAR(10)&"Strength & Conditioning="&P4&CHAR(10)&"Wellness="&Q4&CHAR(10)&"Red Light Therapy="&R4 -> [INSTRUCTIONS] You are a seasoned fitness consultant. You will take the following member profile and suggest their booking session goals for the next coming week and suggest how many sessions from the [CONTEXT] they need to book in order to progress in their stated fitness goal. Note that some Classes have max 1/2 sessions slots per week. [CONTEXT] Cardio Sessions (1 slot/week) - 50min Session. feature powerful exercise sequences performed at speed and combining bodyweight, freestanding equipment and machines. Work more, rest less, pushing your calorie burn to the max. Strength (2 slot/week) - 50min Session. Utilizes resistance training, time under tension and functional drop sets to develop your muscle density and mobility. Perform controlled exercises and focus on technique and expanding your range of movement. Shape (2 slot/week) - 50min Session. Combines cardio and strength training through a mix of controlled, consistent high tempo movements. Build muscular endurance, reduce body imbalance and burn calories, while also lighting up your cardiovascular system. Strength & Conditioning (2 slot/week) - 50min Session. Dynamic sequences combining power, endurance, and functional performance. Expect full body movement patterns and conditioning intervals that challenge your strength, coordination, and stamina while improving overall physical capacity. Wellness (2 slot/week) - 30min/50min Sessions. Designed to enhance mobility, flexibility, and overall wellbeing. Slow the pace, reconnect with your body, and restore balance through mindful movement and guided mobility work. Red Light Therapy (5 slots/week) - 10min Sessions. Boost recovery, improve skin health, and reduce inflammation with our red light therapy sessions. A quick and effective way to help your body recharge and heal faster. Pre or post workout has equal benefits. [MEMBER'S PROFILE] Gender: Male Age: 53 *MEMBER'S WELLNESS QUESTIONAIRE DATA* Fitness goal: Muscle tone Current activities: Not provided Exercise frequency: 3-4 times / week Active: 3+ years Conditions: Not provided Medications: Not provided Smoker: No Alcohol consumption: Never Medical treatment: Not provided *LAST WEEKS SESSIONS* Cardio=0 Strength=1 Shape=1 Strength & Conditioning=1 Wellness=0 Red Light Therapy=2 | T4: =ROUND(LEN(S4)/4,0) -> 571 | U4: ='Prompt template (optimized)'!$A$2&CHAR(10)&CHAR(10)&"Member:"&IF(AND(B4="",C4=""),"",CHAR(10)&"Profile: "&_xlfn.TEXTJOIN(", ",TRUE(),B4,C4))&IF(OR(D4="",LEFT(D4,3)="Not"),"",CHAR(10)&"Goal: "&D4)&IF(OR(E4="",LEFT(E4,3)="Not"),"",CHAR(10)&"Activities: "&E4)&IF(OR(F4="",LEFT(F4,3)="Not"),"",CHAR(10)&"Exercise frequency: "&F4)&IF(OR(G4="",LEFT(G4,3)="Not"),"",CHAR(10)&"Training history: "&G4)&IF(OR(H4="",LEFT(H4,3)="Not"),"",CHAR(10)&"Conditions: "&H4)&IF(OR(I4="",LEFT(I4,3)="Not"),"",CHAR(10)&"Medications: "&I4)&IF(OR(L4="",LEFT(L4,3)="Not"),"",CHAR(10)&"Medical treatment: "&L4)&IF(OR(J4="",LEFT(J4,3)="Not"),"",CHAR(10)&"Smoker: "&J4)&IF(OR(K4="",LEFT(K4,3)="Not"),"",CHAR(10)&"Alcohol: "&K4)&CHAR(10)&"Last week: "&"Cardio="&M4&", "&"Strength="&N4&", "&"Shape="&O4&", "&"Strength & Conditioning="&P4&", "&"Wellness="&Q4&", "&"Red Light Therapy="&R4&CHAR(10)&CHAR(10)&'Prompt template (optimized)'!$A$5 -> You are a fitness consultant. Plan the member's class bookings for next week so they progress toward their stated goal. Weekly slot caps (never exceed): Cardio 1, Strength 2, Shape 2, Strength & Conditioning 2, Wellness 2, Red Light Therapy 5. Classes: - Cardio: high-intensity intervals (bodyweight, equipment, machines); maximum calorie burn. - Strength: resistance training and time under tension; muscle density, mobility, technique. - Shape: high-tempo cardio and strength mix; muscular endurance, body balance, calorie burn. - Strength & Conditioning: power, endurance and functional full-body conditioning; stamina, coordination. - Wellness: mobility, flexibility and mindful recovery. - Red Light Therapy: 10-minute recovery session, before or after a workout; recovery, skin, inflammation. Rules: - Use whole numbers from 0 up to each cap. - Use last week's sessions as the baseline and progress toward the goal without a sudden jump. - Keep the total realistic for the member's exercise frequency, health and recovery. Member: Profile: Male, 53 Goal: Muscle tone Exercise frequency: 3-4 times / week Training history: 3+ years Smoker: No Alcohol: Never Last week: Cardio=0, Strength=1, Shape=1, Strength & Conditioning=1, Wellness=0, Red Light Therapy=2 Answer with JSON only, no other text: {"Cardio":#,"Strength":#,"Shape":#,"Strength & Conditioning":#,"Wellness":#,"Red Light Therapy":#} | V4: =ROUND(LEN(U4)/4,0) -> 351 | W4: =T4-V4 -> 220
A5: ='Raw IDs'!A5 -> m4 | B5: Male | C5: 37 | D5: ='Wellness preferences'!C5 -> Weight loss | F5: ='Wellness preferences'!D5 -> 1-2 times / week | G5: ='Wellness preferences'!E5 -> Less than a year | J5: ='Wellness preferences'!F5 -> Yes | K5: ='Wellness preferences'!G5 -> Occasionally | M5: ='Last week attendance'!C5 -> 0 | N5: ='Last week attendance'!D5 -> 0 | O5: ='Last week attendance'!E5 -> 1 | P5: ='Last week attendance'!F5 -> 0 | Q5: ='Last week attendance'!G5 -> 0 | R5: ='Last week attendance'!H5 -> 1 | S5: ='Prompt template'!$A$2&CHAR(10)&CHAR(10)&"[MEMBER'S PROFILE]"&CHAR(10)&"Gender: "&IF(B5="","Not provided",B5)&CHAR(10)&"Age: "&IF(C5="","Not provided",C5)&CHAR(10)&CHAR(10)&"*MEMBER'S WELLNESS QUESTIONAIRE DATA*"&CHAR(10)&CHAR(10)&"Fitness goal: "&IF(D5="","Not provided",D5)&CHAR(10)&CHAR(10)&"Current activities: "&IF(E5="","Not provided",E5)&CHAR(10)&"Exercise frequency: "&IF(F5="","Not provided",F5)&CHAR(10)&"Active: "&IF(G5="","Not provided",G5)&CHAR(10)&"Conditions: "&IF(H5="","Not provided",H5)&CHAR(10)&"Medications: "&IF(I5="","Not provided",I5)&CHAR(10)&"Smoker: "&IF(J5="","Not provided",J5)&CHAR(10)&"Alcohol consumption: "&IF(K5="","Not provided",K5)&CHAR(10)&"Medical treatment: "&IF(L5="","Not provided",L5)&CHAR(10)&CHAR(10)&"*LAST WEEKS SESSIONS*"&CHAR(10)&"Cardio="&M5&CHAR(10)&"Strength="&N5&CHAR(10)&"Shape="&O5&CHAR(10)&"Strength & Conditioning="&P5&CHAR(10)&"Wellness="&Q5&CHAR(10)&"Red Light Therapy="&R5 -> [INSTRUCTIONS] You are a seasoned fitness consultant. You will take the following member profile and suggest their booking session goals for the next coming week and suggest how many sessions from the [CONTEXT] they need to book in order to progress in their stated fitness goal. Note that some Classes have max 1/2 sessions slots per week. [CONTEXT] Cardio Sessions (1 slot/week) - 50min Session. feature powerful exercise sequences performed at speed and combining bodyweight, freestanding equipment and machines. Work more, rest less, pushing your calorie burn to the max. Strength (2 slot/week) - 50min Session. Utilizes resistance training, time under tension and functional drop sets to develop your muscle density and mobility. Perform controlled exercises and focus on technique and expanding your range of movement. Shape (2 slot/week) - 50min Session. Combines cardio and strength training through a mix of controlled, consistent high tempo movements. Build muscular endurance, reduce body imbalance and burn calories, while also lighting up your cardiovascular system. Strength & Conditioning (2 slot/week) - 50min Session. Dynamic sequences combining power, endurance, and functional performance. Expect full body movement patterns and conditioning intervals that challenge your strength, coordination, and stamina while improving overall physical capacity. Wellness (2 slot/week) - 30min/50min Sessions. Designed to enhance mobility, flexibility, and overall wellbeing. Slow the pace, reconnect with your body, and restore balance through mindful movement and guided mobility work. Red Light Therapy (5 slots/week) - 10min Sessions. Boost recovery, improve skin health, and reduce inflammation with our red light therapy sessions. A quick and effective way to help your body recharge and heal faster. Pre or post workout has equal benefits. [MEMBER'S PROFILE] Gender: Male Age: 37 *MEMBER'S WELLNESS QUESTIONAIRE DATA* Fitness goal: Weight loss Current activities: Not provided Exercise frequency: 1-2 times / week Active: Less than a year Conditions: Not provided Medications: Not provided Smoker: Yes Alcohol consumption: Occasionally Medical treatment: Not provided *LAST WEEKS SESSIONS* Cardio=0 Strength=0 Shape=1 Strength & Conditioning=0 Wellness=0 Red Light Therapy=1 | T5: =ROUND(LEN(S5)/4,0) -> 575 | U5: ='Prompt template (optimized)'!$A$2&CHAR(10)&CHAR(10)&"Member:"&IF(AND(B5="",C5=""),"",CHAR(10)&"Profile: "&_xlfn.TEXTJOIN(", ",TRUE(),B5,C5))&IF(OR(D5="",LEFT(D5,3)="Not"),"",CHAR(10)&"Goal: "&D5)&IF(OR(E5="",LEFT(E5,3)="Not"),"",CHAR(10)&"Activities: "&E5)&IF(OR(F5="",LEFT(F5,3)="Not"),"",CHAR(10)&"Exercise frequency: "&F5)&IF(OR(G5="",LEFT(G5,3)="Not"),"",CHAR(10)&"Training history: "&G5)&IF(OR(H5="",LEFT(H5,3)="Not"),"",CHAR(10)&"Conditions: "&H5)&IF(OR(I5="",LEFT(I5,3)="Not"),"",CHAR(10)&"Medications: "&I5)&IF(OR(L5="",LEFT(L5,3)="Not"),"",CHAR(10)&"Medical treatment: "&L5)&IF(OR(J5="",LEFT(J5,3)="Not"),"",CHAR(10)&"Smoker: "&J5)&IF(OR(K5="",LEFT(K5,3)="Not"),"",CHAR(10)&"Alcohol: "&K5)&CHAR(10)&"Last week: "&"Cardio="&M5&", "&"Strength="&N5&", "&"Shape="&O5&", "&"Strength & Conditioning="&P5&", "&"Wellness="&Q5&", "&"Red Light Therapy="&R5&CHAR(10)&CHAR(10)&'Prompt template (optimized)'!$A$5 -> You are a fitness consultant. Plan the member's class bookings for next week so they progress toward their stated goal. Weekly slot caps (never exceed): Cardio 1, Strength 2, Shape 2, Strength & Conditioning 2, Wellness 2, Red Light Therapy 5. Classes: - Cardio: high-intensity intervals (bodyweight, equipment, machines); maximum calorie burn. - Strength: resistance training and time under tension; muscle density, mobility, technique. - Shape: high-tempo cardio and strength mix; muscular endurance, body balance, calorie burn. - Strength & Conditioning: power, endurance and functional full-body conditioning; stamina, coordination. - Wellness: mobility, flexibility and mindful recovery. - Red Light Therapy: 10-minute recovery session, before or after a workout; recovery, skin, inflammation. Rules: - Use whole numbers from 0 up to each cap. - Use last week's sessions as the baseline and progress toward the goal without a sudden jump. - Keep the total realistic for the member's exercise frequency, health and recovery. Member: Profile: Male, 37 Goal: Weight loss Exercise frequency: 1-2 times / week Training history: Less than a year Smoker: Yes Alcohol: Occasionally Last week: Cardio=0, Strength=0, Shape=1, Strength & Conditioning=0, Wellness=0, Red Light Therapy=1 Answer with JSON only, no other text: {"Cardio":#,"Strength":#,"Shape":#,"Strength & Conditioning":#,"Wellness":#,"Red Light Therapy":#} | V5: =ROUND(LEN(U5)/4,0) -> 355 | W5: =T5-V5 -> 220
A6: ='Raw IDs'!A6 -> m5 | B6: Female | C6: 27 | D6: ='Wellness preferences'!C6 -> Build strength | F6: ='Wellness preferences'!D6 -> 3-4 times / week | G6: ='Wellness preferences'!E6 -> 3+ years | J6: ='Wellness preferences'!F6 -> No | K6: ='Wellness preferences'!G6 -> Occasionally | M6: ='Last week attendance'!C6 -> 1 | N6: ='Last week attendance'!D6 -> 1 | O6: ='Last week attendance'!E6 -> 0 | P6: ='Last week attendance'!F6 -> 1 | Q6: ='Last week attendance'!G6 -> 1 | R6: ='Last week attendance'!H6 -> 0 | S6: ='Prompt template'!$A$2&CHAR(10)&CHAR(10)&"[MEMBER'S PROFILE]"&CHAR(10)&"Gender: "&IF(B6="","Not provided",B6)&CHAR(10)&"Age: "&IF(C6="","Not provided",C6)&CHAR(10)&CHAR(10)&"*MEMBER'S WELLNESS QUESTIONAIRE DATA*"&CHAR(10)&CHAR(10)&"Fitness goal: "&IF(D6="","Not provided",D6)&CHAR(10)&CHAR(10)&"Current activities: "&IF(E6="","Not provided",E6)&CHAR(10)&"Exercise frequency: "&IF(F6="","Not provided",F6)&CHAR(10)&"Active: "&IF(G6="","Not provided",G6)&CHAR(10)&"Conditions: "&IF(H6="","Not provided",H6)&CHAR(10)&"Medications: "&IF(I6="","Not provided",I6)&CHAR(10)&"Smoker: "&IF(J6="","Not provided",J6)&CHAR(10)&"Alcohol consumption: "&IF(K6="","Not provided",K6)&CHAR(10)&"Medical treatment: "&IF(L6="","Not provided",L6)&CHAR(10)&CHAR(10)&"*LAST WEEKS SESSIONS*"&CHAR(10)&"Cardio="&M6&CHAR(10)&"Strength="&N6&CHAR(10)&"Shape="&O6&CHAR(10)&"Strength & Conditioning="&P6&CHAR(10)&"Wellness="&Q6&CHAR(10)&"Red Light Therapy="&R6 -> [INSTRUCTIONS] You are a seasoned fitness consultant. You will take the following member profile and suggest their booking session goals for the next coming week and suggest how many sessions from the [CONTEXT] they need to book in order to progress in their stated fitness goal. Note that some Classes have max 1/2 sessions slots per week. [CONTEXT] Cardio Sessions (1 slot/week) - 50min Session. feature powerful exercise sequences performed at speed and combining bodyweight, freestanding equipment and machines. Work more, rest less, pushing your calorie burn to the max. Strength (2 slot/week) - 50min Session. Utilizes resistance training, time under tension and functional drop sets to develop your muscle density and mobility. Perform controlled exercises and focus on technique and expanding your range of movement. Shape (2 slot/week) - 50min Session. Combines cardio and strength training through a mix of controlled, consistent high tempo movements. Build muscular endurance, reduce body imbalance and burn calories, while also lighting up your cardiovascular system. Strength & Conditioning (2 slot/week) - 50min Session. Dynamic sequences combining power, endurance, and functional performance. Expect full body movement patterns and conditioning intervals that challenge your strength, coordination, and stamina while improving overall physical capacity. Wellness (2 slot/week) - 30min/50min Sessions. Designed to enhance mobility, flexibility, and overall wellbeing. Slow the pace, reconnect with your body, and restore balance through mindful movement and guided mobility work. Red Light Therapy (5 slots/week) - 10min Sessions. Boost recovery, improve skin health, and reduce inflammation with our red light therapy sessions. A quick and effective way to help your body recharge and heal faster. Pre or post workout has equal benefits. [MEMBER'S PROFILE] Gender: Female Age: 27 *MEMBER'S WELLNESS QUESTIONAIRE DATA* Fitness goal: Build strength Current activities: Not provided Exercise frequency: 3-4 times / week Active: 3+ years Conditions: Not provided Medications: Not provided Smoker: No Alcohol consumption: Occasionally Medical treatment: Not provided *LAST WEEKS SESSIONS* Cardio=1 Strength=1 Shape=0 Strength & Conditioning=1 Wellness=1 Red Light Therapy=0 | T6: =ROUND(LEN(S6)/4,0) -> 574 | U6: ='Prompt template (optimized)'!$A$2&CHAR(10)&CHAR(10)&"Member:"&IF(AND(B6="",C6=""),"",CHAR(10)&"Profile: "&_xlfn.TEXTJOIN(", ",TRUE(),B6,C6))&IF(OR(D6="",LEFT(D6,3)="Not"),"",CHAR(10)&"Goal: "&D6)&IF(OR(E6="",LEFT(E6,3)="Not"),"",CHAR(10)&"Activities: "&E6)&IF(OR(F6="",LEFT(F6,3)="Not"),"",CHAR(10)&"Exercise frequency: "&F6)&IF(OR(G6="",LEFT(G6,3)="Not"),"",CHAR(10)&"Training history: "&G6)&IF(OR(H6="",LEFT(H6,3)="Not"),"",CHAR(10)&"Conditions: "&H6)&IF(OR(I6="",LEFT(I6,3)="Not"),"",CHAR(10)&"Medications: "&I6)&IF(OR(L6="",LEFT(L6,3)="Not"),"",CHAR(10)&"Medical treatment: "&L6)&IF(OR(J6="",LEFT(J6,3)="Not"),"",CHAR(10)&"Smoker: "&J6)&IF(OR(K6="",LEFT(K6,3)="Not"),"",CHAR(10)&"Alcohol: "&K6)&CHAR(10)&"Last week: "&"Cardio="&M6&", "&"Strength="&N6&", "&"Shape="&O6&", "&"Strength & Conditioning="&P6&", "&"Wellness="&Q6&", "&"Red Light Therapy="&R6&CHAR(10)&CHAR(10)&'Prompt template (optimized)'!$A$5 -> You are a fitness consultant. Plan the member's class bookings for next week so they progress toward their stated goal. Weekly slot caps (never exceed): Cardio 1, Strength 2, Shape 2, Strength & Conditioning 2, Wellness 2, Red Light Therapy 5. Classes: - Cardio: high-intensity intervals (bodyweight, equipment, machines); maximum calorie burn. - Strength: resistance training and time under tension; muscle density, mobility, technique. - Shape: high-tempo cardio and strength mix; muscular endurance, body balance, calorie burn. - Strength & Conditioning: power, endurance and functional full-body conditioning; stamina, coordination. - Wellness: mobility, flexibility and mindful recovery. - Red Light Therapy: 10-minute recovery session, before or after a workout; recovery, skin, inflammation. Rules: - Use whole numbers from 0 up to each cap. - Use last week's sessions as the baseline and progress toward the goal without a sudden jump. - Keep the total realistic for the member's exercise frequency, health and recovery. Member: Profile: Female, 27 Goal: Build strength Exercise frequency: 3-4 times / week Training history: 3+ years Smoker: No Alcohol: Occasionally Last week: Cardio=1, Strength=1, Shape=0, Strength & Conditioning=1, Wellness=1, Red Light Therapy=0 Answer with JSON only, no other text: {"Cardio":#,"Strength":#,"Shape":#,"Strength & Conditioning":#,"Wellness":#,"Red Light Therapy":#} | V6: =ROUND(LEN(U6)/4,0) -> 354 | W6: =T6-V6 -> 220
A7: ='Raw IDs'!A7 -> m6 | B7: Female | C7: 40 | D7: ='Wellness preferences'!C7 -> Muscle tone | F7: ='Wellness preferences'!D7 -> 3-4 times / week | G7: ='Wellness preferences'!E7 -> 1-3 years | J7: ='Wellness preferences'!F7 -> Social / Occasional | K7: ='Wellness preferences'!G7 -> Occasionally | M7: ='Last week attendance'!C7 -> 0 | N7: ='Last week attendance'!D7 -> 2 | O7: ='Last week attendance'!E7 -> 1 | P7: ='Last week attendance'!F7 -> 0 | Q7: ='Last week attendance'!G7 -> 1 | R7: ='Last week attendance'!H7 -> 1 | S7: ='Prompt template'!$A$2&CHAR(10)&CHAR(10)&"[MEMBER'S PROFILE]"&CHAR(10)&"Gender: "&IF(B7="","Not provided",B7)&CHAR(10)&"Age: "&IF(C7="","Not provided",C7)&CHAR(10)&CHAR(10)&"*MEMBER'S WELLNESS QUESTIONAIRE DATA*"&CHAR(10)&CHAR(10)&"Fitness goal: "&IF(D7="","Not provided",D7)&CHAR(10)&CHAR(10)&"Current activities: "&IF(E7="","Not provided",E7)&CHAR(10)&"Exercise frequency: "&IF(F7="","Not provided",F7)&CHAR(10)&"Active: "&IF(G7="","Not provided",G7)&CHAR(10)&"Conditions: "&IF(H7="","Not provided",H7)&CHAR(10)&"Medications: "&IF(I7="","Not provided",I7)&CHAR(10)&"Smoker: "&IF(J7="","Not provided",J7)&CHAR(10)&"Alcohol consumption: "&IF(K7="","Not provided",K7)&CHAR(10)&"Medical treatment: "&IF(L7="","Not provided",L7)&CHAR(10)&CHAR(10)&"*LAST WEEKS SESSIONS*"&CHAR(10)&"Cardio="&M7&CHAR(10)&"Strength="&N7&CHAR(10)&"Shape="&O7&CHAR(10)&"Strength & Conditioning="&P7&CHAR(10)&"Wellness="&Q7&CHAR(10)&"Red Light Therapy="&R7 -> [INSTRUCTIONS] You are a seasoned fitness consultant. You will take the following member profile and suggest their booking session goals for the next coming week and suggest how many sessions from the [CONTEXT] they need to book in order to progress in their stated fitness goal. Note that some Classes have max 1/2 sessions slots per week. [CONTEXT] Cardio Sessions (1 slot/week) - 50min Session. feature powerful exercise sequences performed at speed and combining bodyweight, freestanding equipment and machines. Work more, rest less, pushing your calorie burn to the max. Strength (2 slot/week) - 50min Session. Utilizes resistance training, time under tension and functional drop sets to develop your muscle density and mobility. Perform controlled exercises and focus on technique and expanding your range of movement. Shape (2 slot/week) - 50min Session. Combines cardio and strength training through a mix of controlled, consistent high tempo movements. Build muscular endurance, reduce body imbalance and burn calories, while also lighting up your cardiovascular system. Strength & Conditioning (2 slot/week) - 50min Session. Dynamic sequences combining power, endurance, and functional performance. Expect full body movement patterns and conditioning intervals that challenge your strength, coordination, and stamina while improving overall physical capacity. Wellness (2 slot/week) - 30min/50min Sessions. Designed to enhance mobility, flexibility, and overall wellbeing. Slow the pace, reconnect with your body, and restore balance through mindful movement and guided mobility work. Red Light Therapy (5 slots/week) - 10min Sessions. Boost recovery, improve skin health, and reduce inflammation with our red light therapy sessions. A quick and effective way to help your body recharge and heal faster. Pre or post workout has equal benefits. [MEMBER'S PROFILE] Gender: Female Age: 40 *MEMBER'S WELLNESS QUESTIONAIRE DATA* Fitness goal: Muscle tone Current activities: Not provided Exercise frequency: 3-4 times / week Active: 1-3 years Conditions: Not provided Medications: Not provided Smoker: Social / Occasional Alcohol consumption: Occasionally Medical treatment: Not provided *LAST WEEKS SESSIONS* Cardio=0 Strength=2 Shape=1 Strength & Conditioning=0 Wellness=1 Red Light Therapy=1 | T7: =ROUND(LEN(S7)/4,0) -> 578 | U7: ='Prompt template (optimized)'!$A$2&CHAR(10)&CHAR(10)&"Member:"&IF(AND(B7="",C7=""),"",CHAR(10)&"Profile: "&_xlfn.TEXTJOIN(", ",TRUE(),B7,C7))&IF(OR(D7="",LEFT(D7,3)="Not"),"",CHAR(10)&"Goal: "&D7)&IF(OR(E7="",LEFT(E7,3)="Not"),"",CHAR(10)&"Activities: "&E7)&IF(OR(F7="",LEFT(F7,3)="Not"),"",CHAR(10)&"Exercise frequency: "&F7)&IF(OR(G7="",LEFT(G7,3)="Not"),"",CHAR(10)&"Training history: "&G7)&IF(OR(H7="",LEFT(H7,3)="Not"),"",CHAR(10)&"Conditions: "&H7)&IF(OR(I7="",LEFT(I7,3)="Not"),"",CHAR(10)&"Medications: "&I7)&IF(OR(L7="",LEFT(L7,3)="Not"),"",CHAR(10)&"Medical treatment: "&L7)&IF(OR(J7="",LEFT(J7,3)="Not"),"",CHAR(10)&"Smoker: "&J7)&IF(OR(K7="",LEFT(K7,3)="Not"),"",CHAR(10)&"Alcohol: "&K7)&CHAR(10)&"Last week: "&"Cardio="&M7&", "&"Strength="&N7&", "&"Shape="&O7&", "&"Strength & Conditioning="&P7&", "&"Wellness="&Q7&", "&"Red Light Therapy="&R7&CHAR(10)&CHAR(10)&'Prompt template (optimized)'!$A$5 -> You are a fitness consultant. Plan the member's class bookings for next week so they progress toward their stated goal. Weekly slot caps (never exceed): Cardio 1, Strength 2, Shape 2, Strength & Conditioning 2, Wellness 2, Red Light Therapy 5. Classes: - Cardio: high-intensity intervals (bodyweight, equipment, machines); maximum calorie burn. - Strength: resistance training and time under tension; muscle density, mobility, technique. - Shape: high-tempo cardio and strength mix; muscular endurance, body balance, calorie burn. - Strength & Conditioning: power, endurance and functional full-body conditioning; stamina, coordination. - Wellness: mobility, flexibility and mindful recovery. - Red Light Therapy: 10-minute recovery session, before or after a workout; recovery, skin, inflammation. Rules: - Use whole numbers from 0 up to each cap. - Use last week's sessions as the baseline and progress toward the goal without a sudden jump. - Keep the total realistic for the member's exercise frequency, health and recovery. Member: Profile: Female, 40 Goal: Muscle tone Exercise frequency: 3-4 times / week Training history: 1-3 years Smoker: Social / Occasional Alcohol: Occasionally Last week: Cardio=0, Strength=2, Shape=1, Strength & Conditioning=0, Wellness=1, Red Light Therapy=1 Answer with JSON only, no other text: {"Cardio":#,"Strength":#,"Shape":#,"Strength & Conditioning":#,"Wellness":#,"Red Light Therapy":#} | V7: =ROUND(LEN(U7)/4,0) -> 358 | W7: =T7-V7 -> 220
A8: ='Raw IDs'!A8 -> m7 | B8: Female | C8: 50 | D8: ='Wellness preferences'!C8 -> Weight loss | F8: ='Wellness preferences'!D8 -> 5-6 times / week | G8: ='Wellness preferences'!E8 -> 3+ years | J8: ='Wellness preferences'!F8 -> No | K8: ='Wellness preferences'!G8 -> Occasionally | M8: ='Last week attendance'!C8 -> 1 | N8: ='Last week attendance'!D8 -> 2 | O8: ='Last week attendance'!E8 -> 1 | P8: ='Last week attendance'!F8 -> 1 | Q8: ='Last week attendance'!G8 -> 0 | R8: ='Last week attendance'!H8 -> 3 | S8: ='Prompt template'!$A$2&CHAR(10)&CHAR(10)&"[MEMBER'S PROFILE]"&CHAR(10)&"Gender: "&IF(B8="","Not provided",B8)&CHAR(10)&"Age: "&IF(C8="","Not provided",C8)&CHAR(10)&CHAR(10)&"*MEMBER'S WELLNESS QUESTIONAIRE DATA*"&CHAR(10)&CHAR(10)&"Fitness goal: "&IF(D8="","Not provided",D8)&CHAR(10)&CHAR(10)&"Current activities: "&IF(E8="","Not provided",E8)&CHAR(10)&"Exercise frequency: "&IF(F8="","Not provided",F8)&CHAR(10)&"Active: "&IF(G8="","Not provided",G8)&CHAR(10)&"Conditions: "&IF(H8="","Not provided",H8)&CHAR(10)&"Medications: "&IF(I8="","Not provided",I8)&CHAR(10)&"Smoker: "&IF(J8="","Not provided",J8)&CHAR(10)&"Alcohol consumption: "&IF(K8="","Not provided",K8)&CHAR(10)&"Medical treatment: "&IF(L8="","Not provided",L8)&CHAR(10)&CHAR(10)&"*LAST WEEKS SESSIONS*"&CHAR(10)&"Cardio="&M8&CHAR(10)&"Strength="&N8&CHAR(10)&"Shape="&O8&CHAR(10)&"Strength & Conditioning="&P8&CHAR(10)&"Wellness="&Q8&CHAR(10)&"Red Light Therapy="&R8 -> [INSTRUCTIONS] You are a seasoned fitness consultant. You will take the following member profile and suggest their booking session goals for the next coming week and suggest how many sessions from the [CONTEXT] they need to book in order to progress in their stated fitness goal. Note that some Classes have max 1/2 sessions slots per week. [CONTEXT] Cardio Sessions (1 slot/week) - 50min Session. feature powerful exercise sequences performed at speed and combining bodyweight, freestanding equipment and machines. Work more, rest less, pushing your calorie burn to the max. Strength (2 slot/week) - 50min Session. Utilizes resistance training, time under tension and functional drop sets to develop your muscle density and mobility. Perform controlled exercises and focus on technique and expanding your range of movement. Shape (2 slot/week) - 50min Session. Combines cardio and strength training through a mix of controlled, consistent high tempo movements. Build muscular endurance, reduce body imbalance and burn calories, while also lighting up your cardiovascular system. Strength & Conditioning (2 slot/week) - 50min Session. Dynamic sequences combining power, endurance, and functional performance. Expect full body movement patterns and conditioning intervals that challenge your strength, coordination, and stamina while improving overall physical capacity. Wellness (2 slot/week) - 30min/50min Sessions. Designed to enhance mobility, flexibility, and overall wellbeing. Slow the pace, reconnect with your body, and restore balance through mindful movement and guided mobility work. Red Light Therapy (5 slots/week) - 10min Sessions. Boost recovery, improve skin health, and reduce inflammation with our red light therapy sessions. A quick and effective way to help your body recharge and heal faster. Pre or post workout has equal benefits. [MEMBER'S PROFILE] Gender: Female Age: 50 *MEMBER'S WELLNESS QUESTIONAIRE DATA* Fitness goal: Weight loss Current activities: Not provided Exercise frequency: 5-6 times / week Active: 3+ years Conditions: Not provided Medications: Not provided Smoker: No Alcohol consumption: Occasionally Medical treatment: Not provided *LAST WEEKS SESSIONS* Cardio=1 Strength=2 Shape=1 Strength & Conditioning=1 Wellness=0 Red Light Therapy=3 | T8: =ROUND(LEN(S8)/4,0) -> 573 | U8: ='Prompt template (optimized)'!$A$2&CHAR(10)&CHAR(10)&"Member:"&IF(AND(B8="",C8=""),"",CHAR(10)&"Profile: "&_xlfn.TEXTJOIN(", ",TRUE(),B8,C8))&IF(OR(D8="",LEFT(D8,3)="Not"),"",CHAR(10)&"Goal: "&D8)&IF(OR(E8="",LEFT(E8,3)="Not"),"",CHAR(10)&"Activities: "&E8)&IF(OR(F8="",LEFT(F8,3)="Not"),"",CHAR(10)&"Exercise frequency: "&F8)&IF(OR(G8="",LEFT(G8,3)="Not"),"",CHAR(10)&"Training history: "&G8)&IF(OR(H8="",LEFT(H8,3)="Not"),"",CHAR(10)&"Conditions: "&H8)&IF(OR(I8="",LEFT(I8,3)="Not"),"",CHAR(10)&"Medications: "&I8)&IF(OR(L8="",LEFT(L8,3)="Not"),"",CHAR(10)&"Medical treatment: "&L8)&IF(OR(J8="",LEFT(J8,3)="Not"),"",CHAR(10)&"Smoker: "&J8)&IF(OR(K8="",LEFT(K8,3)="Not"),"",CHAR(10)&"Alcohol: "&K8)&CHAR(10)&"Last week: "&"Cardio="&M8&", "&"Strength="&N8&", "&"Shape="&O8&", "&"Strength & Conditioning="&P8&", "&"Wellness="&Q8&", "&"Red Light Therapy="&R8&CHAR(10)&CHAR(10)&'Prompt template (optimized)'!$A$5 -> You are a fitness consultant. Plan the member's class bookings for next week so they progress toward their stated goal. Weekly slot caps (never exceed): Cardio 1, Strength 2, Shape 2, Strength & Conditioning 2, Wellness 2, Red Light Therapy 5. Classes: - Cardio: high-intensity intervals (bodyweight, equipment, machines); maximum calorie burn. - Strength: resistance training and time under tension; muscle density, mobility, technique. - Shape: high-tempo cardio and strength mix; muscular endurance, body balance, calorie burn. - Strength & Conditioning: power, endurance and functional full-body conditioning; stamina, coordination. - Wellness: mobility, flexibility and mindful recovery. - Red Light Therapy: 10-minute recovery session, before or after a workout; recovery, skin, inflammation. Rules: - Use whole numbers from 0 up to each cap. - Use last week's sessions as the baseline and progress toward the goal without a sudden jump. - Keep the total realistic for the member's exercise frequency, health and recovery. Member: Profile: Female, 50 Goal: Weight loss Exercise frequency: 5-6 times / week Training history: 3+ years Smoker: No Alcohol: Occasionally Last week: Cardio=1, Strength=2, Shape=1, Strength & Conditioning=1, Wellness=0, Red Light Therapy=3 Answer with JSON only, no other text: {"Cardio":#,"Strength":#,"Shape":#,"Strength & Conditioning":#,"Wellness":#,"Red Light Therapy":#} | V8: =ROUND(LEN(U8)/4,0) -> 354 | W8: =T8-V8 -> 219
A9: ='Raw IDs'!A9 -> m8 | B9: Female | C9: 53 | D9: ='Wellness preferences'!C9 -> Weight loss | F9: ='Wellness preferences'!D9 -> 5-6 times / week | G9: ='Wellness preferences'!E9 -> 3+ years | J9: ='Wellness preferences'!F9 -> No | K9: ='Wellness preferences'!G9 -> Never | M9: ='Last week attendance'!C9 -> 1 | N9: ='Last week attendance'!D9 -> 1 | O9: ='Last week attendance'!E9 -> 2 | P9: ='Last week attendance'!F9 -> 2 | Q9: ='Last week attendance'!G9 -> 0 | R9: ='Last week attendance'!H9 -> 2 | S9: ='Prompt template'!$A$2&CHAR(10)&CHAR(10)&"[MEMBER'S PROFILE]"&CHAR(10)&"Gender: "&IF(B9="","Not provided",B9)&CHAR(10)&"Age: "&IF(C9="","Not provided",C9)&CHAR(10)&CHAR(10)&"*MEMBER'S WELLNESS QUESTIONAIRE DATA*"&CHAR(10)&CHAR(10)&"Fitness goal: "&IF(D9="","Not provided",D9)&CHAR(10)&CHAR(10)&"Current activities: "&IF(E9="","Not provided",E9)&CHAR(10)&"Exercise frequency: "&IF(F9="","Not provided",F9)&CHAR(10)&"Active: "&IF(G9="","Not provided",G9)&CHAR(10)&"Conditions: "&IF(H9="","Not provided",H9)&CHAR(10)&"Medications: "&IF(I9="","Not provided",I9)&CHAR(10)&"Smoker: "&IF(J9="","Not provided",J9)&CHAR(10)&"Alcohol consumption: "&IF(K9="","Not provided",K9)&CHAR(10)&"Medical treatment: "&IF(L9="","Not provided",L9)&CHAR(10)&CHAR(10)&"*LAST WEEKS SESSIONS*"&CHAR(10)&"Cardio="&M9&CHAR(10)&"Strength="&N9&CHAR(10)&"Shape="&O9&CHAR(10)&"Strength & Conditioning="&P9&CHAR(10)&"Wellness="&Q9&CHAR(10)&"Red Light Therapy="&R9 -> [INSTRUCTIONS] You are a seasoned fitness consultant. You will take the following member profile and suggest their booking session goals for the next coming week and suggest how many sessions from the [CONTEXT] they need to book in order to progress in their stated fitness goal. Note that some Classes have max 1/2 sessions slots per week. [CONTEXT] Cardio Sessions (1 slot/week) - 50min Session. feature powerful exercise sequences performed at speed and combining bodyweight, freestanding equipment and machines. Work more, rest less, pushing your calorie burn to the max. Strength (2 slot/week) - 50min Session. Utilizes resistance training, time under tension and functional drop sets to develop your muscle density and mobility. Perform controlled exercises and focus on technique and expanding your range of movement. Shape (2 slot/week) - 50min Session. Combines cardio and strength training through a mix of controlled, consistent high tempo movements. Build muscular endurance, reduce body imbalance and burn calories, while also lighting up your cardiovascular system. Strength & Conditioning (2 slot/week) - 50min Session. Dynamic sequences combining power, endurance, and functional performance. Expect full body movement patterns and conditioning intervals that challenge your strength, coordination, and stamina while improving overall physical capacity. Wellness (2 slot/week) - 30min/50min Sessions. Designed to enhance mobility, flexibility, and overall wellbeing. Slow the pace, reconnect with your body, and restore balance through mindful movement and guided mobility work. Red Light Therapy (5 slots/week) - 10min Sessions. Boost recovery, improve skin health, and reduce inflammation with our red light therapy sessions. A quick and effective way to help your body recharge and heal faster. Pre or post workout has equal benefits. [MEMBER'S PROFILE] Gender: Female Age: 53 *MEMBER'S WELLNESS QUESTIONAIRE DATA* Fitness goal: Weight loss Current activities: Not provided Exercise frequency: 5-6 times / week Active: 3+ years Conditions: Not provided Medications: Not provided Smoker: No Alcohol consumption: Never Medical treatment: Not provided *LAST WEEKS SESSIONS* Cardio=1 Strength=1 Shape=2 Strength & Conditioning=2 Wellness=0 Red Light Therapy=2 | T9: =ROUND(LEN(S9)/4,0) -> 571 | U9: ='Prompt template (optimized)'!$A$2&CHAR(10)&CHAR(10)&"Member:"&IF(AND(B9="",C9=""),"",CHAR(10)&"Profile: "&_xlfn.TEXTJOIN(", ",TRUE(),B9,C9))&IF(OR(D9="",LEFT(D9,3)="Not"),"",CHAR(10)&"Goal: "&D9)&IF(OR(E9="",LEFT(E9,3)="Not"),"",CHAR(10)&"Activities: "&E9)&IF(OR(F9="",LEFT(F9,3)="Not"),"",CHAR(10)&"Exercise frequency: "&F9)&IF(OR(G9="",LEFT(G9,3)="Not"),"",CHAR(10)&"Training history: "&G9)&IF(OR(H9="",LEFT(H9,3)="Not"),"",CHAR(10)&"Conditions: "&H9)&IF(OR(I9="",LEFT(I9,3)="Not"),"",CHAR(10)&"Medications: "&I9)&IF(OR(L9="",LEFT(L9,3)="Not"),"",CHAR(10)&"Medical treatment: "&L9)&IF(OR(J9="",LEFT(J9,3)="Not"),"",CHAR(10)&"Smoker: "&J9)&IF(OR(K9="",LEFT(K9,3)="Not"),"",CHAR(10)&"Alcohol: "&K9)&CHAR(10)&"Last week: "&"Cardio="&M9&", "&"Strength="&N9&", "&"Shape="&O9&", "&"Strength & Conditioning="&P9&", "&"Wellness="&Q9&", "&"Red Light Therapy="&R9&CHAR(10)&CHAR(10)&'Prompt template (optimized)'!$A$5 -> You are a fitness consultant. Plan the member's class bookings for next week so they progress toward their stated goal. Weekly slot caps (never exceed): Cardio 1, Strength 2, Shape 2, Strength & Conditioning 2, Wellness 2, Red Light Therapy 5. Classes: - Cardio: high-intensity intervals (bodyweight, equipment, machines); maximum calorie burn. - Strength: resistance training and time under tension; muscle density, mobility, technique. - Shape: high-tempo cardio and strength mix; muscular endurance, body balance, calorie burn. - Strength & Conditioning: power, endurance and functional full-body conditioning; stamina, coordination. - Wellness: mobility, flexibility and mindful recovery. - Red Light Therapy: 10-minute recovery session, before or after a workout; recovery, skin, inflammation. Rules: - Use whole numbers from 0 up to each cap. - Use last week's sessions as the baseline and progress toward the goal without a sudden jump. - Keep the total realistic for the member's exercise frequency, health and recovery. Member: Profile: Female, 53 Goal: Weight loss Exercise frequency: 5-6 times / week Training history: 3+ years Smoker: No Alcohol: Never Last week: Cardio=1, Strength=1, Shape=2, Strength & Conditioning=2, Wellness=0, Red Light Therapy=2 Answer with JSON only, no other text: {"Cardio":#,"Strength":#,"Shape":#,"Strength & Conditioning":#,"Wellness":#,"Red Light Therapy":#} | V9: =ROUND(LEN(U9)/4,0) -> 352 | W9: =T9-V9 -> 219
A10: ='Raw IDs'!A10 -> m9 | B10: Male | C10: 35 | D10: ='Wellness preferences'!C10 -> Not provided | F10: ='Wellness preferences'!D10 -> 1-2 times / week | G10: ='Wellness preferences'!E10 -> 3+ years | J10: ='Wellness preferences'!F10 -> Social / Occasional | K10: ='Wellness preferences'!G10 -> Never | M10: ='Last week attendance'!C10 -> 1 | N10: ='Last week attendance'!D10 -> 0 | O10: ='Last week attendance'!E10 -> 0 | P10: ='Last week attendance'!F10 -> 1 | Q10: ='Last week attendance'!G10 -> 0 | R10: ='Last week attendance'!H10 -> 0 | S10: ='Prompt template'!$A$2&CHAR(10)&CHAR(10)&"[MEMBER'S PROFILE]"&CHAR(10)&"Gender: "&IF(B10="","Not provided",B10)&CHAR(10)&"Age: "&IF(C10="","Not provided",C10)&CHAR(10)&CHAR(10)&"*MEMBER'S WELLNESS QUESTIONAIRE DATA*"&CHAR(10)&CHAR(10)&"Fitness goal: "&IF(D10="","Not provided",D10)&CHAR(10)&CHAR(10)&"Current activities: "&IF(E10="","Not provided",E10)&CHAR(10)&"Exercise frequency: "&IF(F10="","Not provided",F10)&CHAR(10)&"Active: "&IF(G10="","Not provided",G10)&CHAR(10)&"Conditions: "&IF(H10="","Not provided",H10)&CHAR(10)&"Medications: "&IF(I10="","Not provided",I10)&CHAR(10)&"Smoker: "&IF(J10="","Not provided",J10)&CHAR(10)&"Alcohol consumption: "&IF(K10="","Not provided",K10)&CHAR(10)&"Medical treatment: "&IF(L10="","Not provided",L10)&CHAR(10)&CHAR(10)&"*LAST WEEKS SESSIONS*"&CHAR(10)&"Cardio="&M10&CHAR(10)&"Strength="&N10&CHAR(10)&"Shape="&O10&CHAR(10)&"Strength & Conditioning="&P10&CHAR(10)&"Wellness="&Q10&CHAR(10)&"Red Light Therapy="&R10 -> [INSTRUCTIONS] You are a seasoned fitness consultant. You will take the following member profile and suggest their booking session goals for the next coming week and suggest how many sessions from the [CONTEXT] they need to book in order to progress in their stated fitness goal. Note that some Classes have max 1/2 sessions slots per week. [CONTEXT] Cardio Sessions (1 slot/week) - 50min Session. feature powerful exercise sequences performed at speed and combining bodyweight, freestanding equipment and machines. Work more, rest less, pushing your calorie burn to the max. Strength (2 slot/week) - 50min Session. Utilizes resistance training, time under tension and functional drop sets to develop your muscle density and mobility. Perform controlled exercises and focus on technique and expanding your range of movement. Shape (2 slot/week) - 50min Session. Combines cardio and strength training through a mix of controlled, consistent high tempo movements. Build muscular endurance, reduce body imbalance and burn calories, while also lighting up your cardiovascular system. Strength & Conditioning (2 slot/week) - 50min Session. Dynamic sequences combining power, endurance, and functional performance. Expect full body movement patterns and conditioning intervals that challenge your strength, coordination, and stamina while improving overall physical capacity. Wellness (2 slot/week) - 30min/50min Sessions. Designed to enhance mobility, flexibility, and overall wellbeing. Slow the pace, reconnect with your body, and restore balance through mindful movement and guided mobility work. Red Light Therapy (5 slots/week) - 10min Sessions. Boost recovery, improve skin health, and reduce inflammation with our red light therapy sessions. A quick and effective way to help your body recharge and heal faster. Pre or post workout has equal benefits. [MEMBER'S PROFILE] Gender: Male Age: 35 *MEMBER'S WELLNESS QUESTIONAIRE DATA* Fitness goal: Not provided Current activities: Not provided Exercise frequency: 1-2 times / week Active: 3+ years Conditions: Not provided Medications: Not provided Smoker: Social / Occasional Alcohol consumption: Never Medical treatment: Not provided *LAST WEEKS SESSIONS* Cardio=1 Strength=0 Shape=0 Strength & Conditioning=1 Wellness=0 Red Light Therapy=0 | T10: =ROUND(LEN(S10)/4,0) -> 575 | U10: ='Prompt template (optimized)'!$A$2&CHAR(10)&CHAR(10)&"Member:"&IF(AND(B10="",C10=""),"",CHAR(10)&"Profile: "&_xlfn.TEXTJOIN(", ",TRUE(),B10,C10))&IF(OR(D10="",LEFT(D10,3)="Not"),"",CHAR(10)&"Goal: "&D10)&IF(OR(E10="",LEFT(E10,3)="Not"),"",CHAR(10)&"Activities: "&E10)&IF(OR(F10="",LEFT(F10,3)="Not"),"",CHAR(10)&"Exercise frequency: "&F10)&IF(OR(G10="",LEFT(G10,3)="Not"),"",CHAR(10)&"Training history: "&G10)&IF(OR(H10="",LEFT(H10,3)="Not"),"",CHAR(10)&"Conditions: "&H10)&IF(OR(I10="",LEFT(I10,3)="Not"),"",CHAR(10)&"Medications: "&I10)&IF(OR(L10="",LEFT(L10,3)="Not"),"",CHAR(10)&"Medical treatment: "&L10)&IF(OR(J10="",LEFT(J10,3)="Not"),"",CHAR(10)&"Smoker: "&J10)&IF(OR(K10="",LEFT(K10,3)="Not"),"",CHAR(10)&"Alcohol: "&K10)&CHAR(10)&"Last week: "&"Cardio="&M10&", "&"Strength="&N10&", "&"Shape="&O10&", "&"Strength & Conditioning="&P10&", "&"Wellness="&Q10&", "&"Red Light Therapy="&R10&CHAR(10)&CHAR(10)&'Prompt template (optimized)'!$A$5 -> You are a fitness consultant. Plan the member's class bookings for next week so they progress toward their stated goal. Weekly slot caps (never exceed): Cardio 1, Strength 2, Shape 2, Strength & Conditioning 2, Wellness 2, Red Light Therapy 5. Classes: - Cardio: high-intensity intervals (bodyweight, equipment, machines); maximum calorie burn. - Strength: resistance training and time under tension; muscle density, mobility, technique. - Shape: high-tempo cardio and strength mix; muscular endurance, body balance, calorie burn. - Strength & Conditioning: power, endurance and functional full-body conditioning; stamina, coordination. - Wellness: mobility, flexibility and mindful recovery. - Red Light Therapy: 10-minute recovery session, before or after a workout; recovery, skin, inflammation. Rules: - Use whole numbers from 0 up to each cap. - Use last week's sessions as the baseline and progress toward the goal without a sudden jump. - Keep the total realistic for the member's exercise frequency, health and recovery. Member: Profile: Male, 35 Exercise frequency: 1-2 times / week Training history: 3+ years Smoker: Social / Occasional Alcohol: Never Last week: Cardio=1, Strength=0, Shape=0, Strength & Conditioning=1, Wellness=0, Red Light Therapy=0 Answer with JSON only, no other text: {"Cardio":#,"Strength":#,"Shape":#,"Strength & Conditioning":#,"Wellness":#,"Red Light Therapy":#} | V10: =ROUND(LEN(U10)/4,0) -> 351 | W10: =T10-V10 -> 224
A11: ='Raw IDs'!A11 -> m10 | B11: Male | C11: 38 | D11: ='Wellness preferences'!C11 -> Not provided | F11: ='Wellness preferences'!D11 -> 1-2 times / week | G11: ='Wellness preferences'!E11 -> Less than a year | J11: ='Wellness preferences'!F11 -> No | K11: ='Wellness preferences'!G11 -> Never | M11: ='Last week attendance'!C11 -> 0 | N11: ='Last week attendance'!D11 -> 1 | O11: ='Last week attendance'!E11 -> 0 | P11: ='Last week attendance'!F11 -> 0 | Q11: ='Last week attendance'!G11 -> 1 | R11: ='Last week attendance'!H11 -> 1 | S11: ='Prompt template'!$A$2&CHAR(10)&CHAR(10)&"[MEMBER'S PROFILE]"&CHAR(10)&"Gender: "&IF(B11="","Not provided",B11)&CHAR(10)&"Age: "&IF(C11="","Not provided",C11)&CHAR(10)&CHAR(10)&"*MEMBER'S WELLNESS QUESTIONAIRE DATA*"&CHAR(10)&CHAR(10)&"Fitness goal: "&IF(D11="","Not provided",D11)&CHAR(10)&CHAR(10)&"Current activities: "&IF(E11="","Not provided",E11)&CHAR(10)&"Exercise frequency: "&IF(F11="","Not provided",F11)&CHAR(10)&"Active: "&IF(G11="","Not provided",G11)&CHAR(10)&"Conditions: "&IF(H11="","Not provided",H11)&CHAR(10)&"Medications: "&IF(I11="","Not provided",I11)&CHAR(10)&"Smoker: "&IF(J11="","Not provided",J11)&CHAR(10)&"Alcohol consumption: "&IF(K11="","Not provided",K11)&CHAR(10)&"Medical treatment: "&IF(L11="","Not provided",L11)&CHAR(10)&CHAR(10)&"*LAST WEEKS SESSIONS*"&CHAR(10)&"Cardio="&M11&CHAR(10)&"Strength="&N11&CHAR(10)&"Shape="&O11&CHAR(10)&"Strength & Conditioning="&P11&CHAR(10)&"Wellness="&Q11&CHAR(10)&"Red Light Therapy="&R11 -> [INSTRUCTIONS] You are a seasoned fitness consultant. You will take the following member profile and suggest their booking session goals for the next coming week and suggest how many sessions from the [CONTEXT] they need to book in order to progress in their stated fitness goal. Note that some Classes have max 1/2 sessions slots per week. [CONTEXT] Cardio Sessions (1 slot/week) - 50min Session. feature powerful exercise sequences performed at speed and combining bodyweight, freestanding equipment and machines. Work more, rest less, pushing your calorie burn to the max. Strength (2 slot/week) - 50min Session. Utilizes resistance training, time under tension and functional drop sets to develop your muscle density and mobility. Perform controlled exercises and focus on technique and expanding your range of movement. Shape (2 slot/week) - 50min Session. Combines cardio and strength training through a mix of controlled, consistent high tempo movements. Build muscular endurance, reduce body imbalance and burn calories, while also lighting up your cardiovascular system. Strength & Conditioning (2 slot/week) - 50min Session. Dynamic sequences combining power, endurance, and functional performance. Expect full body movement patterns and conditioning intervals that challenge your strength, coordination, and stamina while improving overall physical capacity. Wellness (2 slot/week) - 30min/50min Sessions. Designed to enhance mobility, flexibility, and overall wellbeing. Slow the pace, reconnect with your body, and restore balance through mindful movement and guided mobility work. Red Light Therapy (5 slots/week) - 10min Sessions. Boost recovery, improve skin health, and reduce inflammation with our red light therapy sessions. A quick and effective way to help your body recharge and heal faster. Pre or post workout has equal benefits. [MEMBER'S PROFILE] Gender: Male Age: 38 *MEMBER'S WELLNESS QUESTIONAIRE DATA* Fitness goal: Not provided Current activities: Not provided Exercise frequency: 1-2 times / week Active: Less than a year Conditions: Not provided Medications: Not provided Smoker: No Alcohol consumption: Never Medical treatment: Not provided *LAST WEEKS SESSIONS* Cardio=0 Strength=1 Shape=0 Strength & Conditioning=0 Wellness=1 Red Light Therapy=1 | T11: =ROUND(LEN(S11)/4,0) -> 573 | U11: ='Prompt template (optimized)'!$A$2&CHAR(10)&CHAR(10)&"Member:"&IF(AND(B11="",C11=""),"",CHAR(10)&"Profile: "&_xlfn.TEXTJOIN(", ",TRUE(),B11,C11))&IF(OR(D11="",LEFT(D11,3)="Not"),"",CHAR(10)&"Goal: "&D11)&IF(OR(E11="",LEFT(E11,3)="Not"),"",CHAR(10)&"Activities: "&E11)&IF(OR(F11="",LEFT(F11,3)="Not"),"",CHAR(10)&"Exercise frequency: "&F11)&IF(OR(G11="",LEFT(G11,3)="Not"),"",CHAR(10)&"Training history: "&G11)&IF(OR(H11="",LEFT(H11,3)="Not"),"",CHAR(10)&"Conditions: "&H11)&IF(OR(I11="",LEFT(I11,3)="Not"),"",CHAR(10)&"Medications: "&I11)&IF(OR(L11="",LEFT(L11,3)="Not"),"",CHAR(10)&"Medical treatment: "&L11)&IF(OR(J11="",LEFT(J11,3)="Not"),"",CHAR(10)&"Smoker: "&J11)&IF(OR(K11="",LEFT(K11,3)="Not"),"",CHAR(10)&"Alcohol: "&K11)&CHAR(10)&"Last week: "&"Cardio="&M11&", "&"Strength="&N11&", "&"Shape="&O11&", "&"Strength & Conditioning="&P11&", "&"Wellness="&Q11&", "&"Red Light Therapy="&R11&CHAR(10)&CHAR(10)&'Prompt template (optimized)'!$A$5 -> You are a fitness consultant. Plan the member's class bookings for next week so they progress toward their stated goal. Weekly slot caps (never exceed): Cardio 1, Strength 2, Shape 2, Strength & Conditioning 2, Wellness 2, Red Light Therapy 5. Classes: - Cardio: high-intensity intervals (bodyweight, equipment, machines); maximum calorie burn. - Strength: resistance training and time under tension; muscle density, mobility, technique. - Shape: high-tempo cardio and strength mix; muscular endurance, body balance, calorie burn. - Strength & Conditioning: power, endurance and functional full-body conditioning; stamina, coordination. - Wellness: mobility, flexibility and mindful recovery. - Red Light Therapy: 10-minute recovery session, before or after a workout; recovery, skin, inflammation. Rules: - Use whole numbers from 0 up to each cap. - Use last week's sessions as the baseline and progress toward the goal without a sudden jump. - Keep the total realistic for the member's exercise frequency, health and recovery. Member: Profile: Male, 38 Exercise frequency: 1-2 times / week Training history: Less than a year Smoker: No Alcohol: Never Last week: Cardio=0, Strength=1, Shape=0, Strength & Conditioning=0, Wellness=1, Red Light Therapy=1 Answer with JSON only, no other text: {"Cardio":#,"Strength":#,"Shape":#,"Strength & Conditioning":#,"Wellness":#,"Red Light Therapy":#} | V11: =ROUND(LEN(U11)/4,0) -> 349 | W11: =T11-V11 -> 224
A12: ='Raw IDs'!A12 -> m11 | B12: Male | C12: 44 | D12: ='Wellness preferences'!C12 -> Not provided | F12: ='Wellness preferences'!D12 -> Never | G12: ='Wellness preferences'!E12 -> Less than a year | J12: ='Wellness preferences'!F12 -> Yes | K12: ='Wellness preferences'!G12 -> Occasionally | M12: ='Last week attendance'!C12 -> 0 | N12: ='Last week attendance'!D12 -> 0 | O12: ='Last week attendance'!E12 -> 0 | P12: ='Last week attendance'!F12 -> 0 | Q12: ='Last week attendance'!G12 -> 0 | R12: ='Last week attendance'!H12 -> 0 | S12: ='Prompt template'!$A$2&CHAR(10)&CHAR(10)&"[MEMBER'S PROFILE]"&CHAR(10)&"Gender: "&IF(B12="","Not provided",B12)&CHAR(10)&"Age: "&IF(C12="","Not provided",C12)&CHAR(10)&CHAR(10)&"*MEMBER'S WELLNESS QUESTIONAIRE DATA*"&CHAR(10)&CHAR(10)&"Fitness goal: "&IF(D12="","Not provided",D12)&CHAR(10)&CHAR(10)&"Current activities: "&IF(E12="","Not provided",E12)&CHAR(10)&"Exercise frequency: "&IF(F12="","Not provided",F12)&CHAR(10)&"Active: "&IF(G12="","Not provided",G12)&CHAR(10)&"Conditions: "&IF(H12="","Not provided",H12)&CHAR(10)&"Medications: "&IF(I12="","Not provided",I12)&CHAR(10)&"Smoker: "&IF(J12="","Not provided",J12)&CHAR(10)&"Alcohol consumption: "&IF(K12="","Not provided",K12)&CHAR(10)&"Medical treatment: "&IF(L12="","Not provided",L12)&CHAR(10)&CHAR(10)&"*LAST WEEKS SESSIONS*"&CHAR(10)&"Cardio="&M12&CHAR(10)&"Strength="&N12&CHAR(10)&"Shape="&O12&CHAR(10)&"Strength & Conditioning="&P12&CHAR(10)&"Wellness="&Q12&CHAR(10)&"Red Light Therapy="&R12 -> [INSTRUCTIONS] You are a seasoned fitness consultant. You will take the following member profile and suggest their booking session goals for the next coming week and suggest how many sessions from the [CONTEXT] they need to book in order to progress in their stated fitness goal. Note that some Classes have max 1/2 sessions slots per week. [CONTEXT] Cardio Sessions (1 slot/week) - 50min Session. feature powerful exercise sequences performed at speed and combining bodyweight, freestanding equipment and machines. Work more, rest less, pushing your calorie burn to the max. Strength (2 slot/week) - 50min Session. Utilizes resistance training, time under tension and functional drop sets to develop your muscle density and mobility. Perform controlled exercises and focus on technique and expanding your range of movement. Shape (2 slot/week) - 50min Session. Combines cardio and strength training through a mix of controlled, consistent high tempo movements. Build muscular endurance, reduce body imbalance and burn calories, while also lighting up your cardiovascular system. Strength & Conditioning (2 slot/week) - 50min Session. Dynamic sequences combining power, endurance, and functional performance. Expect full body movement patterns and conditioning intervals that challenge your strength, coordination, and stamina while improving overall physical capacity. Wellness (2 slot/week) - 30min/50min Sessions. Designed to enhance mobility, flexibility, and overall wellbeing. Slow the pace, reconnect with your body, and restore balance through mindful movement and guided mobility work. Red Light Therapy (5 slots/week) - 10min Sessions. Boost recovery, improve skin health, and reduce inflammation with our red light therapy sessions. A quick and effective way to help your body recharge and heal faster. Pre or post workout has equal benefits. [MEMBER'S PROFILE] Gender: Male Age: 44 *MEMBER'S WELLNESS QUESTIONAIRE DATA* Fitness goal: Not provided Current activities: Not provided Exercise frequency: Never Active: Less than a year Conditions: Not provided Medications: Not provided Smoker: Yes Alcohol consumption: Occasionally Medical treatment: Not provided *LAST WEEKS SESSIONS* Cardio=0 Strength=0 Shape=0 Strength & Conditioning=0 Wellness=0 Red Light Therapy=0 | T12: =ROUND(LEN(S12)/4,0) -> 572 | U12: ='Prompt template (optimized)'!$A$2&CHAR(10)&CHAR(10)&"Member:"&IF(AND(B12="",C12=""),"",CHAR(10)&"Profile: "&_xlfn.TEXTJOIN(", ",TRUE(),B12,C12))&IF(OR(D12="",LEFT(D12,3)="Not"),"",CHAR(10)&"Goal: "&D12)&IF(OR(E12="",LEFT(E12,3)="Not"),"",CHAR(10)&"Activities: "&E12)&IF(OR(F12="",LEFT(F12,3)="Not"),"",CHAR(10)&"Exercise frequency: "&F12)&IF(OR(G12="",LEFT(G12,3)="Not"),"",CHAR(10)&"Training history: "&G12)&IF(OR(H12="",LEFT(H12,3)="Not"),"",CHAR(10)&"Conditions: "&H12)&IF(OR(I12="",LEFT(I12,3)="Not"),"",CHAR(10)&"Medications: "&I12)&IF(OR(L12="",LEFT(L12,3)="Not"),"",CHAR(10)&"Medical treatment: "&L12)&IF(OR(J12="",LEFT(J12,3)="Not"),"",CHAR(10)&"Smoker: "&J12)&IF(OR(K12="",LEFT(K12,3)="Not"),"",CHAR(10)&"Alcohol: "&K12)&CHAR(10)&"Last week: "&"Cardio="&M12&", "&"Strength="&N12&", "&"Shape="&O12&", "&"Strength & Conditioning="&P12&", "&"Wellness="&Q12&", "&"Red Light Therapy="&R12&CHAR(10)&CHAR(10)&'Prompt template (optimized)'!$A$5 -> You are a fitness consultant. Plan the member's class bookings for next week so they progress toward their stated goal. Weekly slot caps (never exceed): Cardio 1, Strength 2, Shape 2, Strength & Conditioning 2, Wellness 2, Red Light Therapy 5. Classes: - Cardio: high-intensity intervals (bodyweight, equipment, machines); maximum calorie burn. - Strength: resistance training and time under tension; muscle density, mobility, technique. - Shape: high-tempo cardio and strength mix; muscular endurance, body balance, calorie burn. - Strength & Conditioning: power, endurance and functional full-body conditioning; stamina, coordination. - Wellness: mobility, flexibility and mindful recovery. - Red Light Therapy: 10-minute recovery session, before or after a workout; recovery, skin, inflammation. Rules: - Use whole numbers from 0 up to each cap. - Use last week's sessions as the baseline and progress toward the goal without a sudden jump. - Keep the total realistic for the member's exercise frequency, health and recovery. Member: Profile: Male, 44 Exercise frequency: Never Training history: Less than a year Smoker: Yes Alcohol: Occasionally Last week: Cardio=0, Strength=0, Shape=0, Strength & Conditioning=0, Wellness=0, Red Light Therapy=0 Answer with JSON only, no other text: {"Cardio":#,"Strength":#,"Shape":#,"Strength & Conditioning":#,"Wellness":#,"Red Light Therapy":#} | V12: =ROUND(LEN(U12)/4,0) -> 348 | W12: =T12-V12 -> 224
A13: ='Raw IDs'!A13 -> m12 | B13: Male | C13: 54 | D13: ='Wellness preferences'!C13 -> Not provided | F13: ='Wellness preferences'!D13 -> 3-4 times / week | G13: ='Wellness preferences'!E13 -> Less than a year | J13: ='Wellness preferences'!F13 -> Social / Occasional | K13: ='Wellness preferences'!G13 -> Occasionally | M13: ='Last week attendance'!C13 -> 1 | N13: ='Last week attendance'!D13 -> 0 | O13: ='Last week attendance'!E13 -> 2 | P13: ='Last week attendance'!F13 -> 1 | Q13: ='Last week attendance'!G13 -> 0 | R13: ='Last week attendance'!H13 -> 0 | S13: ='Prompt template'!$A$2&CHAR(10)&CHAR(10)&"[MEMBER'S PROFILE]"&CHAR(10)&"Gender: "&IF(B13="","Not provided",B13)&CHAR(10)&"Age: "&IF(C13="","Not provided",C13)&CHAR(10)&CHAR(10)&"*MEMBER'S WELLNESS QUESTIONAIRE DATA*"&CHAR(10)&CHAR(10)&"Fitness goal: "&IF(D13="","Not provided",D13)&CHAR(10)&CHAR(10)&"Current activities: "&IF(E13="","Not provided",E13)&CHAR(10)&"Exercise frequency: "&IF(F13="","Not provided",F13)&CHAR(10)&"Active: "&IF(G13="","Not provided",G13)&CHAR(10)&"Conditions: "&IF(H13="","Not provided",H13)&CHAR(10)&"Medications: "&IF(I13="","Not provided",I13)&CHAR(10)&"Smoker: "&IF(J13="","Not provided",J13)&CHAR(10)&"Alcohol consumption: "&IF(K13="","Not provided",K13)&CHAR(10)&"Medical treatment: "&IF(L13="","Not provided",L13)&CHAR(10)&CHAR(10)&"*LAST WEEKS SESSIONS*"&CHAR(10)&"Cardio="&M13&CHAR(10)&"Strength="&N13&CHAR(10)&"Shape="&O13&CHAR(10)&"Strength & Conditioning="&P13&CHAR(10)&"Wellness="&Q13&CHAR(10)&"Red Light Therapy="&R13 -> [INSTRUCTIONS] You are a seasoned fitness consultant. You will take the following member profile and suggest their booking session goals for the next coming week and suggest how many sessions from the [CONTEXT] they need to book in order to progress in their stated fitness goal. Note that some Classes have max 1/2 sessions slots per week. [CONTEXT] Cardio Sessions (1 slot/week) - 50min Session. feature powerful exercise sequences performed at speed and combining bodyweight, freestanding equipment and machines. Work more, rest less, pushing your calorie burn to the max. Strength (2 slot/week) - 50min Session. Utilizes resistance training, time under tension and functional drop sets to develop your muscle density and mobility. Perform controlled exercises and focus on technique and expanding your range of movement. Shape (2 slot/week) - 50min Session. Combines cardio and strength training through a mix of controlled, consistent high tempo movements. Build muscular endurance, reduce body imbalance and burn calories, while also lighting up your cardiovascular system. Strength & Conditioning (2 slot/week) - 50min Session. Dynamic sequences combining power, endurance, and functional performance. Expect full body movement patterns and conditioning intervals that challenge your strength, coordination, and stamina while improving overall physical capacity. Wellness (2 slot/week) - 30min/50min Sessions. Designed to enhance mobility, flexibility, and overall wellbeing. Slow the pace, reconnect with your body, and restore balance through mindful movement and guided mobility work. Red Light Therapy (5 slots/week) - 10min Sessions. Boost recovery, improve skin health, and reduce inflammation with our red light therapy sessions. A quick and effective way to help your body recharge and heal faster. Pre or post workout has equal benefits. [MEMBER'S PROFILE] Gender: Male Age: 54 *MEMBER'S WELLNESS QUESTIONAIRE DATA* Fitness goal: Not provided Current activities: Not provided Exercise frequency: 3-4 times / week Active: Less than a year Conditions: Not provided Medications: Not provided Smoker: Social / Occasional Alcohol consumption: Occasionally Medical treatment: Not provided *LAST WEEKS SESSIONS* Cardio=1 Strength=0 Shape=2 Strength & Conditioning=1 Wellness=0 Red Light Therapy=0 | T13: =ROUND(LEN(S13)/4,0) -> 579 | U13: ='Prompt template (optimized)'!$A$2&CHAR(10)&CHAR(10)&"Member:"&IF(AND(B13="",C13=""),"",CHAR(10)&"Profile: "&_xlfn.TEXTJOIN(", ",TRUE(),B13,C13))&IF(OR(D13="",LEFT(D13,3)="Not"),"",CHAR(10)&"Goal: "&D13)&IF(OR(E13="",LEFT(E13,3)="Not"),"",CHAR(10)&"Activities: "&E13)&IF(OR(F13="",LEFT(F13,3)="Not"),"",CHAR(10)&"Exercise frequency: "&F13)&IF(OR(G13="",LEFT(G13,3)="Not"),"",CHAR(10)&"Training history: "&G13)&IF(OR(H13="",LEFT(H13,3)="Not"),"",CHAR(10)&"Conditions: "&H13)&IF(OR(I13="",LEFT(I13,3)="Not"),"",CHAR(10)&"Medications: "&I13)&IF(OR(L13="",LEFT(L13,3)="Not"),"",CHAR(10)&"Medical treatment: "&L13)&IF(OR(J13="",LEFT(J13,3)="Not"),"",CHAR(10)&"Smoker: "&J13)&IF(OR(K13="",LEFT(K13,3)="Not"),"",CHAR(10)&"Alcohol: "&K13)&CHAR(10)&"Last week: "&"Cardio="&M13&", "&"Strength="&N13&", "&"Shape="&O13&", "&"Strength & Conditioning="&P13&", "&"Wellness="&Q13&", "&"Red Light Therapy="&R13&CHAR(10)&CHAR(10)&'Prompt template (optimized)'!$A$5 -> You are a fitness consultant. Plan the member's class bookings for next week so they progress toward their stated goal. Weekly slot caps (never exceed): Cardio 1, Strength 2, Shape 2, Strength & Conditioning 2, Wellness 2, Red Light Therapy 5. Classes: - Cardio: high-intensity intervals (bodyweight, equipment, machines); maximum calorie burn. - Strength: resistance training and time under tension; muscle density, mobility, technique. - Shape: high-tempo cardio and strength mix; muscular endurance, body balance, calorie burn. - Strength & Conditioning: power, endurance and functional full-body conditioning; stamina, coordination. - Wellness: mobility, flexibility and mindful recovery. - Red Light Therapy: 10-minute recovery session, before or after a workout; recovery, skin, inflammation. Rules: - Use whole numbers from 0 up to each cap. - Use last week's sessions as the baseline and progress toward the goal without a sudden jump. - Keep the total realistic for the member's exercise frequency, health and recovery. Member: Profile: Male, 54 Exercise frequency: 3-4 times / week Training history: Less than a year Smoker: Social / Occasional Alcohol: Occasionally Last week: Cardio=1, Strength=0, Shape=2, Strength & Conditioning=1, Wellness=0, Red Light Therapy=0 Answer with JSON only, no other text: {"Cardio":#,"Strength":#,"Shape":#,"Strength & Conditioning":#,"Wellness":#,"Red Light Therapy":#} | V13: =ROUND(LEN(U13)/4,0) -> 355 | W13: =T13-V13 -> 224
A15: Yellow cells are not available in the data supplied yet (current activities, conditions, medications, medical treatment). Leave them blank and the prompt leaves those lines out.
A16: Orange cells (gender, age) are RANDOM sample values for testing, not the real members' details, and are not inferred from names. Real member names are not in the prompt text. Token columns are rough estimates, not real model usage.

Sheet Prompt template
A1: Fixed text at the top of every prompt (copied from the colleague's prompt)
A2: [INSTRUCTIONS] You are a seasoned fitness consultant. You will take the following member profile and suggest their booking session goals for the next coming week and suggest how many sessions from the [CONTEXT] they need to book in order to progress in their stated fitness goal. Note that some Classes have max 1/2 sessions slots per week. [CONTEXT] Cardio Sessions (1 slot/week) - 50min Session. feature powerful exercise sequences performed at speed and combining bodyweight, freestanding equipment and machines. Work more, rest less, pushing your calorie burn to the max. Strength (2 slot/week) - 50min Session. Utilizes resistance training, time under tension and functional drop sets to develop your muscle density and mobility. Perform controlled exercises and focus on technique and expanding your range of movement. Shape (2 slot/week) - 50min Session. Combines cardio and strength training through a mix of controlled, consistent high tempo movements. Build muscular endurance, reduce body imbalance and burn calories, while also lighting up your cardiovascular system. Strength & Conditioning (2 slot/week) - 50min Session. Dynamic sequences combining power, endurance, and functional performance. Expect full body movement patterns and conditioning intervals that challenge your strength, coordination, and stamina while improving overall physical capacity. Wellness (2 slot/week) - 30min/50min Sessions. Designed to enhance mobility, flexibility, and overall wellbeing. Slow the pace, reconnect with your body, and restore balance through mindful movement and guided mobility work. Red Light Therapy (5 slots/week) - 10min Sessions. Boost recovery, improve skin health, and reduce inflammation with our red light therapy sessions. A quick and effective way to help your body recharge and heal faster. Pre or post workout has equal benefits.
A4: Output format: not included. It will be decided by us, so the prompt ends after the last week's sessions.

Sheet Prompt template (optimized)
A1: Fixed text at the start of every optimized prompt
A2: You are a fitness consultant. Plan the member's class bookings for next week so they progress toward their stated goal. Weekly slot caps (never exceed): Cardio 1, Strength 2, Shape 2, Strength & Conditioning 2, Wellness 2, Red Light Therapy 5. Classes: - Cardio: high-intensity intervals (bodyweight, equipment, machines); maximum calorie burn. - Strength: resistance training and time under tension; muscle density, mobility, technique. - Shape: high-tempo cardio and strength mix; muscular endurance, body balance, calorie burn. - Strength & Conditioning: power, endurance and functional full-body conditioning; stamina, coordination. - Wellness: mobility, flexibility and mindful recovery. - Red Light Therapy: 10-minute recovery session, before or after a workout; recovery, skin, inflammation. Rules: - Use whole numbers from 0 up to each cap. - Use last week's sessions as the baseline and progress toward the goal without a sudden jump. - Keep the total realistic for the member's exercise frequency, health and recovery.
A4: Fixed text at the end of every optimized prompt (the output format: ours to decide, so edit it here)
A5: Answer with JSON only, no other text: {"Cardio":#,"Strength":#,"Shape":#,"Strength & Conditioning":#,"Wellness":#,"Red Light Therapy":#}
A7: Empty or Not provided fields are left out of the member block, so they cost no tokens.

Sheet Raw IDs
A1: Test ID | B1: fitness_frequency_id | C1: fitness_time_id | D1: smoke_id | E1: alcohol_id | F1: lifestyle_id | G1: sitting_hours | H1: stress_level_id | I1: sleep_hours_id | J1: diet_nutrition_id | K1: no_of_meals | L1: home_meals_id | M1: takeout_meals_id | N1: weak_fatigued_sluggish_id | O1: digestive_discomforts_id | P1: calorie_option_id | Q1: nutrition_exercise_option_id | R1: look_feel_option_id | S1: fitness_goals_seriousness_id | T1: updated_date
A2: m1 | B2: 2 | C2: 2 | D2: 2 | E2: 3 | F2: 0 | H2: 2 | I2: 2 | J2: 2 | K2: 0 | N2: 1 | O2: 1 | P2: 1 | Q2: 1 | R2: 1 | S2: 6 | T2: 2025-07-18
A3: m2 | B3: 1 | C3: 3 | D3: 2 | E3: 4 | F3: 0 | H3: 2 | I3: 2 | J3: 2 | K3: 0 | N3: 2 | O3: 2 | P3: 1 | Q3: 1 | R3: 1 | S3: 7 | T3: 2025-07-20
A4: m3 | B4: 2 | C4: 3 | D4: 2 | E4: 4 | F4: 0 | H4: 2 | I4: 1 | J4: 3 | K4: 1 | N4: 1 | O4: 2 | P4: 2 | Q4: 1 | R4: 1 | S4: 5 | T4: 2025-07-24
A5: m4 | B5: 1 | C5: 1 | D5: 1 | E5: 3 | F5: 0 | H5: 2 | I5: 1 | J5: 2 | K5: 2 | N5: 1 | O5: 2 | P5: 2 | Q5: 2 | R5: 2 | S5: 5 | T5: 2025-07-27
A6: m5 | B6: 2 | C6: 3 | D6: 2 | E6: 3 | F6: 0 | H6: 2 | I6: 2 | J6: 2 | K6: 3 | N6: 1 | O6: 1 | P6: 2 | Q6: 1 | R6: 1 | S6: 7 | T6: 2025-07-27
A7: m6 | B7: 2 | C7: 2 | D7: 3 | E7: 3 | F7: 0 | H7: 1 | I7: 1 | J7: 1 | K7: 0 | N7: 2 | O7: 1 | P7: 1 | Q7: 1 | R7: 2 | S7: 7 | T7: 2025-07-27
A8: m7 | B8: 3 | C8: 3 | D8: 2 | E8: 3 | F8: 0 | H8: 2 | I8: 2 | J8: 2 | K8: 0 | N8: 2 | O8: 2 | P8: 2 | Q8: 1 | R8: 2 | S8: 7 | T8: 2025-07-28
A9: m8 | B9: 3 | C9: 3 | D9: 2 | E9: 4 | F9: 0 | H9: 2 | I9: 1 | J9: 2 | K9: 2 | N9: 1 | O9: 1 | P9: 2 | Q9: 2 | R9: 1 | S9: 7 | T9: 2025-07-29
A10: m9 | B10: 1 | C10: 3 | D10: 3 | E10: 4 | F10: 0 | H10: 2 | I10: 1 | J10: 2 | K10: 3 | N10: 2 | O10: 2 | P10: 2 | Q10: 1 | R10: 1 | S10: 7 | T10: 2025-07-30
A11: m10 | B11: 1 | C11: 1 | D11: 2 | E11: 4 | F11: 0 | H11: 2 | I11: 1 | J11: 2 | K11: 0 | N11: 1 | O11: 2 | P11: 2 | Q11: 1 | R11: 2 | S11: 4 | T11: 2025-08-01
A12: m11 | B12: 5 | C12: 1 | D12: 1 | E12: 3 | F12: 0 | H12: 1 | I12: 1 | J12: 2 | K12: 2 | N12: 2 | O12: 2 | P12: 2 | Q12: 1 | R12: 1 | S12: 7 | T12: 2025-08-03
A13: m12 | B13: 2 | C13: 1 | D13: 3 | E13: 3 | F13: 0 | H13: 2 | I13: 2 | J13: 2 | K13: 2 | N13: 2 | O13: 2 | P13: 2 | Q13: 1 | R13: 2 | S13: 5 | T13: 2025-08-03
A18: Raw database values from member_details export (blank = NULL). Blue = input data.

Sheet Member goals
A1: Test ID | B1: DB member_id | C1: DB row id | D1: fitness_goal_id | E1: Goal | F1: Pick # | G1: Lookup key | H1: Source
A2: m1 | B2: 2392 | C2: 698 | D2: 6 | E2: =IFERROR(INDEX(Options!$C$2:$C$55,MATCH("goal|"&D2,Options!$D$2:$D$55,0)),"Unknown") -> Improve cardio performance | F2: 1 | G2: =A2&"|"&F2 -> m1|1 | H2: Database (screenshot)
A3: m1 | B3: 2392 | C3: 699 | D3: 7 | E3: =IFERROR(INDEX(Options!$C$2:$C$55,MATCH("goal|"&D3,Options!$D$2:$D$55,0)),"Unknown") -> Improve stamina | F3: 2 | G3: =A3&"|"&F3 -> m1|2 | H3: Database (screenshot)
A4: m1 | B4: 2392 | C4: 700 | D4: 9 | E4: =IFERROR(INDEX(Options!$C$2:$C$55,MATCH("goal|"&D4,Options!$D$2:$D$55,0)),"Unknown") -> Improve overall health | F4: 3 | G4: =A4&"|"&F4 -> m1|3 | H4: Database (screenshot)
A5: m2 | B5: 2399 | C5: 703 | D5: 1 | E5: =IFERROR(INDEX(Options!$C$2:$C$55,MATCH("goal|"&D5,Options!$D$2:$D$55,0)),"Unknown") -> Weight loss | F5: 1 | G5: =A5&"|"&F5 -> m2|1 | H5: Database (screenshot)
A6: m3 | B6: 2409 | C6: 709 | D6: 3 | E6: =IFERROR(INDEX(Options!$C$2:$C$55,MATCH("goal|"&D6,Options!$D$2:$D$55,0)),"Unknown") -> Muscle tone | F6: 1 | G6: =A6&"|"&F6 -> m3|1 | H6: Database (screenshot)
A7: m3 | B7: 2409 | C7: 710 | D7: 4 | E7: =IFERROR(INDEX(Options!$C$2:$C$55,MATCH("goal|"&D7,Options!$D$2:$D$55,0)),"Unknown") -> Build strength | F7: 2 | G7: =A7&"|"&F7 -> m3|2 | H7: Database (screenshot)
A8: m3 | B8: 2409 | C8: 711 | D8: 7 | E8: =IFERROR(INDEX(Options!$C$2:$C$55,MATCH("goal|"&D8,Options!$D$2:$D$55,0)),"Unknown") -> Improve stamina | F8: 3 | G8: =A8&"|"&F8 -> m3|3 | H8: Database (screenshot)
A9: m3 | B9: 2409 | C9: 712 | D9: 6 | E9: =IFERROR(INDEX(Options!$C$2:$C$55,MATCH("goal|"&D9,Options!$D$2:$D$55,0)),"Unknown") -> Improve cardio performance | F9: 4 | G9: =A9&"|"&F9 -> m3|4 | H9: Database (screenshot)
A10: m3 | B10: 2409 | C10: 713 | D10: 5 | E10: =IFERROR(INDEX(Options!$C$2:$C$55,MATCH("goal|"&D10,Options!$D$2:$D$55,0)),"Unknown") -> Improve flexibility | F10: 5 | G10: =A10&"|"&F10 -> m3|5 | H10: Database (screenshot)
A11: m4 | B11: 2432 | C11: 721 | D11: 1 | E11: =IFERROR(INDEX(Options!$C$2:$C$55,MATCH("goal|"&D11,Options!$D$2:$D$55,0)),"Unknown") -> Weight loss | F11: 1 | G11: =A11&"|"&F11 -> m4|1 | H11: Database (screenshot)
A12: m4 | B12: 2432 | C12: 722 | D12: 3 | E12: =IFERROR(INDEX(Options!$C$2:$C$55,MATCH("goal|"&D12,Options!$D$2:$D$55,0)),"Unknown") -> Muscle tone | F12: 2 | G12: =A12&"|"&F12 -> m4|2 | H12: Database (screenshot)
A13: m4 | B13: 2432 | C13: 723 | D13: 9 | E13: =IFERROR(INDEX(Options!$C$2:$C$55,MATCH("goal|"&D13,Options!$D$2:$D$55,0)),"Unknown") -> Improve overall health | F13: 3 | G13: =A13&"|"&F13 -> m4|3 | H13: Database (screenshot)
... A26: m8 | B26: 2451 | C26: 745 | D26: 10 | E26: =IFERROR(INDEX(Options!$C$2:$C$55,MATCH("goal|"&D26,Options!$D$2:$D$55,0)),"Unknown") -> Boost energy | F26: 8 | G26: =A26&"|"&F26 -> m8|8 | H26: Database (screenshot)
A28: Goal used for test = the member's first pick (Pick # 1, lowest DB row id), because the planner takes one goal. Change Pick # order to use a different goal.
A29: Database rows were read from a phpMyAdmin screenshot of member_fitness_goals (first page only, sorted by member_id).
A30: No goal rows were available for DB members 2461, 2469, 2472, 2473 (m9, m10, m11, m12). Their goal shows as Not provided. Add their rows from member_fitness_goals when you have them.
A31: Member 2451 (m8) ends at row 745, the last row on the page, so more real goals may exist on the next page.

Sheet Options
A1: Field | B1: ID | C1: Label | D1: Lookup key
A2: goal | B2: 1 | C2: Weight loss | D2: =A2&"|"&B2 -> goal|1
A3: goal | B3: 2 | C3: Lose fat (inches) | D3: =A3&"|"&B3 -> goal|2
A4: goal | B4: 3 | C4: Muscle tone | D4: =A4&"|"&B4 -> goal|3
A5: goal | B5: 4 | C5: Build strength | D5: =A5&"|"&B5 -> goal|4
A6: goal | B6: 5 | C6: Improve flexibility | D6: =A6&"|"&B6 -> goal|5
A7: goal | B7: 6 | C7: Improve cardio performance | D7: =A7&"|"&B7 -> goal|6
A8: goal | B8: 7 | C8: Improve stamina | D8: =A8&"|"&B8 -> goal|7
A9: goal | B9: 8 | C9: Gain weight/muscle | D9: =A9&"|"&B9 -> goal|8
A10: goal | B10: 9 | C10: Improve overall health | D10: =A10&"|"&B10 -> goal|9
A11: goal | B11: 10 | C11: Boost energy | D11: =A11&"|"&B11 -> goal|10
A12: freq | B12: 1 | C12: 1-2 times / week | D12: =A12&"|"&B12 -> freq|1
A13: freq | B13: 2 | C13: 3-4 times / week | D13: =A13&"|"&B13 -> freq|2
... A55: seriousness | B55: 7 | C55: Motivated | D55: =A55&"|"&B55 -> seriousness|7
A57: Source: option lists from programs.txt supplied by the user. ID in the database = position in the list (1 = first).

Sheet ID key
A1: Test ID | B1: DB member_id | C1: First name | D1: Last name | E1: Profile last updated
A2: m1 | B2: 2392 | C2: Levent | D2: Soydaner | E2: 2025-07-18
A3: m2 | B3: 2399 | C3: Veronika | D3: Masarskaya | E3: 2025-07-20
A4: m3 | B4: 2409 | C4: Elen | D4: Kost | E4: 2025-07-24
A5: m4 | B5: 2432 | C5: Emma | D5: Arlemark | E5: 2025-07-27
A6: m5 | B6: 2433 | C6: Ria | D6: Juma | E6: 2025-07-27
A7: m6 | B7: 2437 | C7: Maria | D7: Costanzo | E7: 2025-07-27
A8: m7 | B8: 2438 | C8: Vinay | D8: Parmar | E8: 2025-07-28
A9: m8 | B9: 2451 | C9: Ruksana | D9: Hussain | E9: 2025-07-29
A10: m9 | B10: 2461 | C10: Asif | D10: Khokhar | E10: 2025-07-30
A11: m10 | B11: 2469 | C11: Sadaf | D11: Hameed | E11: 2025-08-01
A12: m11 | B12: 2472 | C12: Maryna | D12: Tykhonenko | E12: 2025-08-03
A13: m12 | B13: 2473 | C13: Ozlem | D13: Koroglu | E13: 2025-08-03
A18: Source: members table (id, firstname, lastname), from the phpMyAdmin screenshot supplied by the user. Contains real member names: keep private.
